clique_id, presenze massime_valore, presenze massime_count, numero_nodi, intrusi 
5946a7a3f810d56922490cf7,5,3,8,0
5946ad01f810d56922515db9,9,5,9,0
5946a8fbf810d569224c247f,10,2,11,0
5946a5b3f810d569224403c5,5,3,8,0
5946ab35f810d569224fc2e8,6,3,8,0
5946a576f810d56922436262,9,7,10,0
5946a8fbf810d569224c201a,11,1,12,0
5946acfef810d569225137ca,8,3,8,0
5946a74af810d56922486b96,5,1,8,0
5946aed9f810d56922545ca2,6,3,8,0
5946aec4f810d569225429c0,9,9,11,0
5946aef2f810d56922550aff,10,1,10,0
5946a791f810d5692248eb8b,11,1,12,0
5946b009f810d5692255b949,9,3,9,0
5946a5f2f810d56922449983,8,1,9,0
5946a5f4f810d5692244b577,8,8,10,0
5946a5f3f810d5692244abcf,9,3,9,0
5946a8f5f810d569224bd924,10,1,10,0
5946a809f810d5692249fdae,6,1,8,0
5946ac43f810d5692250aeb0,6,1,8,0
5946a797f810d5692248ef9c,8,3,8,0
5946a8f6f810d569224bdcf6,11,2,12,0
5946a5f2f810d5692244a0f6,8,1,8,0
5946a8fbf810d569224c24d3,13,2,14,0
5946aa04f810d569224e45be,5,3,8,0
5946a8e4f810d569224b7da4,7,3,9,0
5946a5f4f810d5692244b3d5,9,2,10,0
5946a8f4f810d569224bbc5b,11,1,11,0
5946a5b4f810d56922440784,4,6,8,0
5946a5f2f810d5692244a0d0,9,5,10,0
5946a5a5f810d5692243dea1,6,1,8,0
5946aeeaf810d56922549dc4,11,1,12,0
5946ab35f810d569224fc582,7,2,9,0
5946b009f810d5692255b8c5,8,2,9,0
5946a7a2f810d569224909df,7,1,9,0
5946abdff810d569225073e5,9,2,9,0
5946ab79f810d569225010a4,5,1,8,0
5946a5f3f810d5692244ad8d,8,4,9,0
5946ad07f810d5692251a800,9,1,10,0
5946ab72f810d5692250062e,5,3,8,0
5946a7a2f810d56922490a1c,6,1,9,0
5946ac9af810d5692250df6a,10,1,11,0
5946a5f3f810d5692244aebc,10,2,10,0
5946a797f810d5692248efae,7,2,8,0
5946ac43f810d5692250acef,6,1,8,0
5946a7a2f810d56922490544,5,2,8,0
5946ab35f810d569224fc298,7,1,8,0
5946abdff810d56922507473,8,3,9,0
5946a8fff810d569224c5bb1,10,6,12,0
5946a634f810d56922451825,7,2,8,0
5946aeeaf810d56922549fb2,12,2,13,0
5946ab35f810d569224fc56c,6,2,8,0
5946a5f3f810d5692244aed7,8,11,9,0
5946a5b3f810d569224404b0,5,3,8,0
5946a7a2f810d569224909a4,7,1,9,0
5946a7a3f810d5692249110b,5,1,8,0
5946ad07f810d5692251a704,9,2,10,0
5946ad02f810d56922516c21,7,3,8,0
5946a8f2f810d569224ba597,11,1,11,0
5946a7b8f810d569224950d4,7,6,9,1
5946aee8f810d5692254861c,12,1,12,0
5946aef2f810d56922551426,9,5,9,0
5946a6d3f810d56922471f58,8,1,8,0
5946a5b3f810d569224402a2,4,1,8,1
5946ad05f810d5692251976c,13,1,13,0
5946aef0f810d5692254fafe,11,3,12,0
5946ad0af810d5692251d95a,11,1,11,0
5946aeeaf810d56922549dd2,10,3,12,0
5946a7a3f810d56922491683,6,2,8,0
5946aee6f810d56922547155,8,3,8,0
5946ad06f810d56922519e72,11,2,12,0
5946a8e4f810d569224b7df0,7,3,8,0
5946a5f3f810d5692244b051,10,2,10,0
5946a8fff810d569224c5d73,8,3,8,0
5946aec5f810d569225436b4,10,5,10,0
5946a5f4f810d5692244b6d4,8,1,9,0
5946aee8f810d5692254829a,11,1,11,0
5946aee8f810d569225483af,11,1,11,0
5946a5f4f810d5692244b467,9,8,11,0
5946ad0cf810d5692251f144,10,2,10,0
5946ad06f810d56922519e48,11,1,12,0
5946aef2f810d5692255149a,9,2,9,0
5946aeebf810d5692254ac87,10,1,11,0
5946a8fcf810d569224c31dd,11,1,12,0
5946a5b3f810d5692244027b,4,3,8,0
5946a8b6f810d569224b28e6,8,1,8,0
5946ab72f810d5692250077c,5,4,8,0
5946b15ff810d569225657fc,6,2,8,0
5946ad0df810d5692251f926,8,1,8,0
5946aeeaf810d56922549e5e,10,6,12,0
5946a5b3f810d569224402be,4,6,8,0
5946ad07f810d5692251a7fa,10,1,10,0
5946a5f4f810d5692244b65b,9,1,10,0
5946ad07f810d5692251a77f,10,2,10,0
5946aeebf810d5692254b41a,9,2,11,0
5946a5b4f810d569224408ab,4,1,8,0
5946b1e7f810d5692256944f,8,1,10,0
5946a74af810d569224868fd,5,2,8,0
5946b008f810d5692255b6ba,8,2,9,1
5946a7b8f810d569224954da,7,1,8,1
5946aeeaf810d56922549c13,9,2,10,0
5946acfff810d56922513ea6,7,5,8,0
5946a7b7f810d569224949d2,8,3,9,1
5946ad07f810d5692251a573,10,3,10,0
5946aee8f810d569225489ff,12,1,12,0
5946adbbf810d56922532847,5,1,8,1
5946abb6f810d56922503c3b,7,3,8,0
5946a634f810d56922451827,7,1,8,0
5946a7b8f810d5692249565e,7,3,8,1
5946a7b7f810d56922494483,9,3,10,1
5946afb7f810d569225583a8,10,1,10,0
5946ab35f810d569224fc50e,6,3,9,0
5946a8fff810d569224c5cfd,7,3,8,0
5946adbbf810d569225327bd,6,3,8,0
5946b130f810d5692256454a,8,2,8,0
5946a8faf810d569224c16cc,10,3,11,0
5946a5f3f810d5692244a639,9,2,9,0
5946a5f3f810d5692244afc7,8,7,9,0
5946ad06f810d56922519ee5,11,1,12,0
5946a8faf810d569224c18f1,10,1,11,0
5946aee8f810d569225486ef,11,1,11,0
5946a8fdf810d569224c3d24,11,1,12,0
5946a6d4f810d56922471fa4,7,4,8,0
5946aeecf810d5692254c605,9,1,9,0
5946a797f810d5692248ef93,8,4,9,0
5946a7a3f810d5692249112e,5,3,8,0
5946ad02f810d56922516ff7,9,5,10,0
5946b008f810d5692255b67d,8,3,9,1
5946aee8f810d5692254837c,12,1,12,0
5946a8f7f810d569224be671,11,1,11,0
5946ad97f810d5692252dd18,12,1,12,0
5946af55f810d56922555378,8,1,9,0
5946a5f3f810d5692244aef3,10,2,10,0
5946a8fbf810d569224c20b8,11,1,12,0
5946aee8f810d569225489fc,12,1,12,0
5946a57cf810d56922437084,6,3,8,0
5946ad0cf810d5692251f327,11,1,11,0
5946a7a3f810d5692249154a,6,2,8,0
5946acc0f810d5692250f51a,9,2,9,0
5946a74af810d56922486d03,4,7,8,0
5946ac43f810d5692250b1d3,5,1,8,0
5946a8f9f810d569224c09f1,11,3,11,0
5946aa4ef810d569224efa6a,6,3,8,0
5946a67bf810d56922461367,6,2,8,0
5946a7a3f810d569224915e3,6,1,8,0
5946b09af810d56922561cc5,9,3,10,0
5946ab35f810d569224fc1e9,7,1,8,0
5946a7a2f810d56922490a48,5,2,8,0
5946ae28f810d5692253897a,10,1,11,0
5946a8f3f810d569224bb0b4,10,6,10,0
5946a8fdf810d569224c42b3,10,1,11,0
5946ac2cf810d5692250a467,10,1,10,0
5946ad03f810d569225179ae,10,1,10,0
5946ac43f810d5692250b262,6,2,8,0
5946ac43f810d5692250b1c3,5,3,8,0
5946ad0ef810d56922520501,12,1,12,0
5946ad03f810d56922517bb5,12,1,12,0
5946a8f5f810d569224bd19e,8,5,8,0
5946a8f4f810d569224bc17e,12,1,12,0
5946a7a2f810d569224905ab,7,1,9,0
5946aeeaf810d56922549cb9,10,3,11,0
5946a5f3f810d5692244b058,10,2,10,0
5946abdff810d5692250769d,8,2,9,0
5946a5b3f810d569224403ba,5,3,8,0
5946aa00f810d569224e1d94,6,2,8,0
5946a8f1f810d569224b9805,8,3,9,0
5946aee8f810d56922548319,9,1,10,0
5946ab35f810d569224fc5b6,6,2,8,0
5946ab6ef810d5692250038b,5,6,8,0
5946aee8f810d5692254881e,10,1,10,0
5946ad03f810d569225179fb,11,1,11,0
5946ad03f810d569225179a7,9,3,10,0
5946acfef810d5692251399c,9,1,9,0
5946a8fff810d569224c5c7d,9,1,9,0
5946a5f2f810d5692244a05a,8,2,8,0
5946a72df810d5692247f290,8,3,8,0
5946aeedf810d5692254cc9f,12,3,12,0
5946aac0f810d569224f656e,10,1,10,0
5946a5b3f810d5692243ffa6,4,5,8,1
5946a5b3f810d5692243ff76,5,1,8,0
5946a8f7f810d569224be98e,9,4,9,0
5946ad04f810d56922517fdb,11,1,11,0
5946ad02f810d56922516ffe,9,3,10,0
5946a5f4f810d5692244b2e6,9,2,10,0
5946aef0f810d5692254faf8,10,1,11,0
5946a587f810d569224390e0,7,1,8,0
5946abb8f810d56922505553,7,7,9,0
5946aeb5f810d5692253fdb6,8,1,9,0
5946b00af810d5692255cfb1,11,1,11,0
5946a7a3f810d569224910f1,5,1,8,0
5946b009f810d5692255c191,11,1,11,0
5946ad0ef810d56922520502,10,1,11,0
5946a5f2f810d5692244a09e,10,3,11,0
5946aeeaf810d56922549f33,10,3,12,0
5946aeeaf810d56922549e88,12,1,13,0
5946a8f1f810d569224b9e19,8,2,9,0
5946a8f6f810d569224be2e7,11,1,11,0
5946ab34f810d569224fbf81,7,3,9,0
5946ad05f810d56922519437,14,1,14,0
5946b15ff810d5692256598e,6,1,8,0
5946a5b3f810d569224403b6,5,3,8,0
5946a8faf810d569224c16c6,10,3,11,0
5946aa03f810d569224e4067,5,2,8,0
5946b1e7f810d5692256944e,8,2,10,0
5946a6f6f810d56922475481,6,3,8,0
5946ac43f810d5692250b1b9,5,3,8,0
5946ad0df810d5692251f8c7,12,1,12,0
5946a7a3f810d56922490d70,5,3,8,0
5946a7a2f810d56922490486,6,1,8,0
5946ab34f810d569224fbf49,7,1,9,0
5946a8fff810d569224c6382,8,2,9,0
5946a5f2f810d5692244a0a0,9,3,10,0
5946a7a4f810d56922491871,6,3,8,0
5946ad0bf810d5692251e0c1,10,3,11,0
5946aa04f810d569224e45cb,6,2,8,0
5946a7a2f810d5692249077e,6,2,9,0
5946a74af810d56922486c92,4,5,8,0
5946a7a2f810d569224907af,6,3,9,0
5946a5f4f810d5692244b83f,9,1,10,0
5946aeeaf810d56922549de6,10,6,12,0
5946a94ef810d569224cd8c9,5,3,8,0
5946aed9f810d56922545c9f,6,2,8,0
5946aee9f810d56922548f2c,11,1,11,0
5946ad0ff810d569225216b5,10,1,10,0
5946a5f3f810d5692244aed8,8,8,9,0
5946aca4f810d5692250e4cf,8,2,8,0
5946a5f3f810d5692244a8d6,8,3,8,0
5946a8faf810d569224c1906,10,1,11,0
5946ad04f810d569225189b9,11,2,11,0
5946a8fbf810d569224c2d46,13,2,14,0
5946a5f3f810d5692244a754,10,1,10,0
5946ab72f810d5692250062f,5,4,8,0
5946ad05f810d56922518b74,14,1,14,0
5946a5f3f810d5692244ad81,10,2,10,0
5946a5f4f810d5692244ba96,7,3,8,0
5946a8fcf810d569224c332a,10,1,11,0
5946ad0af810d5692251d5af,10,1,10,0
5946a72ff810d56922480d00,10,1,10,0
5946a5b4f810d569224407d8,4,7,8,0
5946a74af810d56922486a29,4,4,8,0
5946aef1f810d56922550885,11,1,11,0
5946ac2cf810d5692250a460,10,1,10,0
5946a7a3f810d56922490d03,6,1,8,0
5946ad0bf810d5692251e5d9,10,3,10,0
5946a7b7f810d56922494b78,8,3,9,1
5946a7a3f810d5692249165c,6,2,8,0
5946acc1f810d56922510603,10,3,11,0
5946ab72f810d56922500756,5,3,8,0
5946ad9bf810d5692253066b,9,1,9,0
5946ad96f810d5692252cb23,11,2,12,0
5946a7a2f810d5692249027c,6,1,8,0
5946a5b3f810d5692243ff75,4,2,8,0
5946ab35f810d569224fc250,6,3,8,0
5946ae29f810d5692253950f,8,2,9,0
5946aee8f810d56922548616,12,1,12,0
5946afeff810d56922559a36,11,3,11,0
5946aeb5f810d5692253fdc1,7,1,8,0
5946a6cef810d5692247045d,7,1,8,0
5946ab72f810d569225005fd,6,2,8,0
5946a7a4f810d56922491733,5,3,8,0
5946a5c5f810d569224423bd,6,3,9,0
5946a797f810d5692248ef35,11,1,11,0
5946ab35f810d569224fc234,6,3,8,0
5946ad0cf810d5692251ec02,9,3,9,0
5946ae47f810d5692253ab2f,10,1,11,0
5946a7a2f810d569224906c4,6,3,9,0
5946a8fbf810d569224c24d1,13,2,14,0
5946ad00f810d56922515588,11,1,11,0
5946a5b3f810d5692244040f,6,3,8,0
5946a5b3f810d56922440100,5,1,8,0
5946a8fff810d569224c5ccd,9,3,9,0
5946afb7f810d569225583ab,10,1,10,0
5946a5b4f810d5692244079d,4,1,8,0
5946a7a2f810d56922490699,7,1,8,0
5946a5b3f810d5692244040e,5,3,8,0
5946ad03f810d56922517f02,13,1,13,0
5946ad0cf810d5692251ebf8,8,6,10,0
5946a7a2f810d569224907c6,5,2,8,0
5946ad02f810d56922516f25,13,1,13,0
5946a8f7f810d569224bebbc,11,1,11,0
5946a8f4f810d569224bc660,13,1,13,0
5946a8fbf810d569224c2016,11,1,12,0
5946aeb8f810d56922540a7d,9,3,9,0
5946a5f4f810d5692244b3b9,9,2,10,0
5946a8fcf810d569224c3952,11,1,12,0
5946ad06f810d56922519b1b,11,3,11,0
5946aef2f810d56922550bfd,11,1,11,0
5946ad0cf810d5692251ecb4,10,1,10,0
5946a5f3f810d5692244a510,10,2,10,0
5946aa03f810d569224e4041,6,1,8,0
5946ad03f810d56922517729,8,5,9,0
5946abdff810d5692250738e,8,3,8,0
5946aec4f810d569225429b1,9,3,10,0
5946a6bef810d5692246d462,6,2,8,0
5946ad08f810d5692251b507,10,2,11,0
5946ad0ef810d56922520534,10,3,10,0
5946a791f810d5692248eb4d,8,2,9,1
5946a8faf810d569224c1ffb,11,1,12,0
5946ab35f810d569224fc375,6,3,8,0
5946acfef810d5692251363a,9,3,9,0
5946a8f5f810d569224bcc21,13,2,13,0
5946ab34f810d569224fbfb4,7,3,9,0
5946a5f4f810d5692244b428,9,2,10,0
5946a8f5f810d569224bd666,7,7,8,0
5946a791f810d5692248ea8d,7,1,8,0
5946a5f2f810d5692244a12e,7,7,8,0
5946a57cf810d5692243704c,6,1,8,0
5946acfff810d56922513c89,12,1,12,0
5946ab34f810d569224fbfba,6,2,8,0
5946a7a3f810d569224915df,6,2,8,0
5946a7a2f810d56922490990,6,1,9,0
5946abb7f810d569225044fa,7,3,8,0
5946a7e9f810d5692249b1e1,6,1,8,0
5946aeebf810d5692254b3fc,11,1,12,0
5946b009f810d5692255c021,8,2,9,0
5946a7a4f810d569224919ca,6,1,8,0
5946a6cef810d56922470480,5,4,8,0
5946a5f4f810d5692244b2f9,9,3,10,0
5946a8fff810d569224c65e7,8,2,9,0
5946a7a2f810d569224909f8,5,4,8,0
5946ab72f810d56922500669,5,4,8,0
5946ad0af810d5692251d8be,10,1,11,0
5946a7a3f810d5692249156c,5,4,8,0
5946a8f8f810d569224bf4f5,7,4,8,0
5946a7a2f810d56922490742,7,1,9,0
5946ae29f810d56922539470,7,3,8,0
5946a797f810d5692248eee3,10,3,11,0
5946ad0cf810d5692251eb68,10,1,10,0
5946a7b7f810d56922494492,7,1,8,1
5946ad0df810d5692252044d,12,1,12,0
5946a7a2f810d56922490a1f,6,3,9,0
5946a7a2f810d569224907eb,5,3,8,0
5946a797f810d5692248eef9,8,3,8,0
5946ad0ef810d5692252074e,8,2,9,0
5946a5f3f810d5692244af3b,8,9,9,0
5946b00af810d5692255ce05,10,1,11,0
5946ad0ef810d56922520730,8,1,8,0
5946a7b8f810d569224956c1,9,2,10,1
5946a8f5f810d569224bcc4b,13,3,13,0
5946a8fff810d569224c5bef,11,1,12,0
5946a8fcf810d569224c340a,10,1,11,0
5946aeb5f810d5692253fe10,7,1,8,0
5946ad0cf810d5692251ed0c,10,3,10,0
5946a8fbf810d569224c2447,9,5,11,0
5946ad4ef810d569225277fc,11,1,11,0
5946afb6f810d569225582f8,6,1,8,0
5946aa1ef810d569224e82fb,8,1,9,0
5946a7a2f810d56922490978,5,5,8,0
5946ab34f810d569224fbf9d,6,3,9,0
5946a5b4f810d569224407d9,4,2,8,0
5946acfef810d569225139bc,8,1,8,0
5946a5f3f810d5692244ad89,8,5,9,0
5946a5f3f810d5692244a81b,9,3,10,0
5946a8f8f810d569224bfda7,10,1,11,0
5946a8f3f810d569224bb78f,12,1,12,0
5946b15ff810d56922565961,6,1,8,0
5946a8f5f810d569224bd70b,8,1,8,0
5946ad08f810d5692251c146,9,1,9,0
5946a589f810d5692243aa55,6,1,8,0
5946a5f2f810d56922449f38,8,2,8,0
5946abdef810d56922506cd0,9,2,9,0
5946ab35f810d569224fc237,6,2,8,0
5946ad02f810d56922516ff1,10,3,10,0
5946ad0cf810d5692251ec3f,7,4,8,0
5946a7a3f810d56922491132,5,4,8,0
5946a84af810d569224a4c6b,11,1,11,0
5946a8fcf810d569224c3953,11,1,12,0
5946acfef810d56922513982,8,5,9,0
5946a5f3f810d5692244abcc,9,2,9,0
5946a8f3f810d569224bb954,12,2,12,0
5946a5b3f810d569224404af,4,5,8,0
5946a5b3f810d569224403e4,5,3,8,0
5946a7a2f810d5692249095d,6,5,9,0
5946aef2f810d56922550b0b,10,1,10,0
5946aaabf810d569224f5004,6,3,8,0
5946a7b7f810d56922494c00,8,3,9,1
5946aeeaf810d56922549dc8,11,1,12,0
5946a84af810d569224a4c7f,11,1,11,0
5946ae27f810d56922538524,8,2,8,0
5946a8f5f810d569224bcfe1,11,1,11,0
5946b009f810d5692255bd9a,10,1,11,0
5946a5f4f810d5692244b878,8,3,9,0
5946a5b3f810d569224403c3,5,2,8,0
5946a5b3f810d56922440330,5,2,8,0
5946a7a2f810d56922490757,6,1,9,0
5946a8f4f810d569224bc72a,11,6,12,0
5946a8f5f810d569224bd6d1,8,8,9,0
5946ab35f810d569224fc29b,6,1,8,0
5946ae2ff810d56922539d5b,11,1,11,0
5946a8f4f810d569224bbead,13,1,13,0
5946a5f3f810d5692244a514,9,2,10,0
5946a7b8f810d56922495646,8,3,9,1
5946abb7f810d569225045f6,8,1,8,0
5946a5f3f810d5692244a519,9,1,10,0
5946a7a2f810d56922490a32,7,1,9,0
5946acfff810d56922513ea3,7,4,8,0
5946a8faf810d569224c1cbf,11,1,12,0
5946a8faf810d569224c1f1a,12,3,13,0
5946a7b7f810d56922494357,8,3,9,1
5946abdef810d56922507036,8,2,9,0
5946ab72f810d569225004e5,6,1,8,0
5946aa00f810d569224e1c38,7,1,8,0
5946b00af810d5692255cfbb,10,2,11,0
5946acb8f810d5692250efc7,8,1,9,0
5946a7b5f810d5692249412d,6,3,9,0
5946a5f3f810d5692244a747,9,2,10,0
5946a797f810d5692248eee2,10,1,11,0
5946a5b3f810d5692243ffa9,5,3,8,1
5946ae29f810d569225393f1,8,2,9,0
5946a7b8f810d569224958f1,8,3,9,1
5946ad0cf810d5692251ef59,9,1,10,0
5946a5b3f810d569224400c6,4,6,8,0
5946ad07f810d5692251a572,10,1,10,0
5946a5f4f810d5692244b6db,7,7,9,0
5946a8faf810d569224c11d5,11,2,11,0
5946aeebf810d5692254b573,8,8,10,0
5946ab72f810d5692250073a,6,2,8,0
5946a8f4f810d569224bc9a1,8,4,9,0
5946ad05f810d569225196e1,12,1,12,0
5946aef2f810d5692255110b,10,3,10,0
5946a8f7f810d569224be6a5,8,1,8,0
5946adbbf810d56922532812,6,1,8,0
5946ad07f810d5692251a5ef,9,1,10,0
5946a790f810d5692248e95d,7,6,8,1
5946abb8f810d56922505554,7,5,9,0
5946a5b3f810d56922440104,4,1,8,0
5946a8fcf810d569224c31da,9,7,11,0
5946a675f810d56922460cd9,9,1,9,0
5946ad0cf810d5692251f177,9,4,10,0
5946aef2f810d56922550ec0,8,2,9,0
5946a7a4f810d569224917bc,5,1,8,1
5946aee8f810d569225483e1,12,1,12,0
5946a8f3f810d569224bb763,9,1,10,0
5946ad03f810d56922517a62,8,3,8,0
5946a5f2f810d5692244a08a,8,3,8,0
5946ac43f810d5692250acee,5,3,8,0
5946a5f3f810d5692244ad93,9,2,10,0
5946aeeaf810d56922549ed3,13,1,14,0
5946acfef810d569225139d0,9,1,9,0
5946a8fbf810d569224c20e3,11,2,12,0
5946a7a3f810d56922491554,5,5,8,0
5946a8f5f810d569224bd8eb,10,1,10,0
5946a5b3f810d569224402aa,4,5,8,1
5946aee9f810d56922549606,11,1,11,0
5946ab35f810d569224fc530,6,3,9,0
5946a8fbf810d569224c2d23,11,8,12,0
5946ad03f810d56922517766,9,2,9,0
5946a5f3f810d5692244adbb,8,2,8,0
5946a7a2f810d5692249093a,6,3,8,0
5946ad0df810d5692251f90f,10,3,10,0
5946ad0ef810d56922520718,10,1,10,0
5946acfef810d569225139c5,9,1,9,0
5946b130f810d5692256455a,8,2,8,0
5946aef2f810d5692255111c,9,3,9,0
5946ad0ef810d56922520504,12,1,12,0
5946ad4ef810d569225272fa,8,4,8,0
5946a8f3f810d569224bb4d1,11,1,11,0
5946aef2f810d5692255124d,9,1,9,0
5946a8f4f810d569224bbc67,11,1,11,0
5946b086f810d5692256084b,7,1,8,0
5946a6a4f810d56922467156,9,1,9,0
5946abdff810d56922507849,8,2,9,0
5946aee9f810d569225498d4,9,2,9,0
5946a8fff810d569224c5c9a,9,1,9,0
5946abdef810d56922507030,8,2,9,0
5946ab06f810d569224fa67d,9,3,9,0
5946ad06f810d56922519b1c,13,3,13,0
5946a8f4f810d569224bc647,9,6,10,0
5946a72ff810d56922480c03,9,2,9,0
5946aee8f810d56922548646,11,1,11,0
5946ad0ef810d5692252075e,8,4,8,0
5946b009f810d5692255bb38,10,3,10,0
5946a8fff810d569224c5bcb,9,2,10,0
5946aef1f810d56922550977,12,2,12,0
5946a5f2f810d56922449e2c,8,1,8,0
5946ac43f810d5692250aec6,5,3,8,0
5946a8f5f810d569224bd7b4,9,6,10,0
5946a675f810d56922460ce4,8,2,9,0
5946a791f810d5692248eb6a,12,1,12,0
5946a5c5f810d569224423c3,7,2,9,0
5946ad46f810d569225253f3,9,2,9,0
5946a7a2f810d569224900dc,7,1,9,0
5946abdef810d56922506e55,9,3,9,0
5946a5f4f810d5692244b0f3,10,2,10,0
5946ab35f810d569224fc5b8,6,2,8,0
5946b009f810d5692255bda0,12,2,13,0
5946aee8f810d56922548981,12,1,12,0
5946acfef810d569225135c3,13,1,13,0
5946a5b3f810d56922440227,4,1,8,0
5946a5f3f810d5692244acf1,10,1,11,0
5946acfef810d5692251398f,9,1,9,0
5946a8f4f810d569224bc9a4,11,1,11,0
5946aee8f810d569225487a5,12,1,12,0
5946a7b7f810d56922494475,9,3,10,1
5946aee8f810d56922548811,10,1,10,0
5946a7a2f810d56922490802,6,3,9,0
5946a7a3f810d56922491317,6,1,8,0
5946ad98f810d5692252e2c1,11,1,12,0
5946a6cef810d56922470025,6,1,8,0
5946a8fbf810d569224c2c80,9,10,11,0
5946a8f4f810d569224bc9b4,11,1,11,0
5946a5f4f810d5692244b6a5,8,5,9,0
5946ad0bf810d5692251e837,11,2,11,0
5946a589f810d5692243aa1c,6,2,8,0
5946ae28f810d569225386f1,8,2,8,0
5946ad97f810d5692252dbf5,11,2,11,0
5946b130f810d56922564515,8,2,8,0
5946a8fbf810d569224c20b7,11,1,12,0
5946aa05f810d569224e4a56,6,1,8,0
5946a5b3f810d56922440226,4,7,8,0
5946a6cdf810d5692246fca2,6,3,8,0
5946ad9bf810d56922530661,9,4,10,0
5946aa6af810d569224f20f8,7,1,8,0
5946aef2f810d56922550b0a,9,3,10,0
5946ad03f810d5692251770c,9,1,9,0
5946a8f4f810d569224bc864,13,1,13,0
5946a67bf810d56922461368,6,2,8,0
5946a906f810d569224c774c,8,2,9,0
5946a71af810d5692247ab00,6,2,8,0
5946a5f2f810d56922449994,9,2,9,0
5946aee8f810d56922548297,11,1,11,0
5946acfff810d56922513d6c,9,1,10,0
5946a5f4f810d5692244b5e7,9,1,10,0
5946b008f810d5692255b788,9,3,9,0
5946a5b3f810d569224400b5,4,5,8,0
5946ad07f810d5692251a5ad,9,3,9,0
5946ae2ff810d56922539d60,11,1,11,0
5946ab2ff810d569224fbd42,5,3,8,0
5946ad0df810d5692251fae5,8,2,8,0
5946a5f4f810d5692244b455,10,3,11,0
5946a74af810d56922486bdb,4,4,8,0
5946a5f4f810d5692244b128,10,1,10,0
5946a8f5f810d569224bd0a0,13,1,13,0
5946acc4f810d56922510d5b,10,1,11,1
5946ab34f810d569224fbf9a,7,1,9,0
5946aee8f810d569225482a2,11,1,11,0
5946ae29f810d5692253945d,8,4,9,0
5946abb8f810d569225054d5,7,4,8,0
5946a818f810d569224a10ed,5,4,8,0
5946aeebf810d5692254acac,10,3,11,0
5946abb7f810d56922504336,7,1,8,0
5946ab34f810d569224fbf26,7,1,9,0
5946aeebf810d5692254b367,9,2,11,0
5946a892f810d569224ab907,11,1,11,0
5946aef1f810d569225508e3,12,3,12,0
5946ad05f810d5692251976e,13,1,13,0
5946b00af810d5692255c896,8,2,9,0
5946a6cef810d5692247047f,6,2,8,0
5946aee8f810d56922548653,12,1,12,0
5946b1e7f810d569225693f6,8,6,10,0
5946a8f7f810d569224bee88,10,1,10,0
5946a72bf810d5692247dd4c,8,2,8,0
5946a7a3f810d56922491176,5,2,8,0
5946adbbf810d5692253280f,6,3,8,0
5946ad0af810d5692251d8bf,10,1,11,0
5946a8faf810d569224c18c4,10,2,11,0
5946acfef810d5692251399a,9,1,9,0
5946a7a3f810d56922490d44,5,2,8,0
5946a582f810d5692243802d,7,1,8,0
5946a7a3f810d56922490c3e,5,1,8,0
5946a7a2f810d56922490484,5,2,8,0
5946b00af810d5692255cffd,9,3,9,0
5946a8fff810d569224c6389,7,2,8,0
5946abdff810d56922507840,8,2,9,0
5946aec9f810d5692254474b,11,1,11,0
5946a8f4f810d569224bbc65,11,1,11,0
5946a8fcf810d569224c3437,9,6,11,0
5946abf5f810d56922508db8,9,3,9,0
5946aac0f810d569224f656f,10,1,10,0
5946ad0cf810d5692251ec35,10,1,10,0
5946aee8f810d5692254827c,12,1,12,0
5946acfff810d56922513c8c,12,1,12,0
5946a72df810d5692247f965,9,3,9,0
5946af55f810d56922555375,9,3,9,0
5946a8e4f810d569224b7c9b,9,1,9,0
5946a650f810d56922456c89,4,6,8,0
5946a6cdf810d5692246fca1,7,2,8,0
5946a8f1f810d569224b975a,12,2,13,0
5946ac2cf810d5692250a4b0,10,1,10,0
5946acfff810d56922514858,7,6,8,0
5946aef2f810d56922551491,9,2,9,0
5946a5b3f810d56922440701,4,3,8,0
5946ad05f810d5692251972f,13,1,13,0
5946aee9f810d569225495cd,8,3,9,0
5946a74af810d56922486892,4,5,8,0
5946a8f2f810d569224ba5db,10,3,11,0
5946a8f3f810d569224bb4d7,10,1,10,0
5946acc1f810d5692251006b,10,1,10,0
5946a892f810d569224ab8db,11,1,11,0
5946ad0df810d5692251f917,10,3,10,0
5946a8f5f810d569224bd681,8,1,8,0
5946a5b3f810d56922440405,5,2,8,0
5946aef1f810d5692255092b,9,3,10,0
5946ab34f810d569224fbf20,6,2,8,0
5946a8f5f810d569224bccae,11,1,11,0
5946ad0df810d5692251f8eb,12,1,12,0
5946aee8f810d569225482e4,12,1,12,0
5946ad00f810d569225155be,10,3,10,0
5946a8b6f810d569224b2706,8,1,8,0
5946ad03f810d56922517bb4,13,2,13,0
5946ab35f810d569224fc525,7,2,9,0
5946a8fff810d569224c5c99,9,2,9,0
5946abdff810d5692250738a,8,1,8,0
5946a8f4f810d569224bc77e,12,1,12,0
5946a7b7f810d56922494489,8,1,9,1
5946b009f810d5692255bad0,10,3,10,0
5946ac43f810d5692250b23f,6,2,8,0
5946a8f3f810d569224bb26e,10,1,10,0
5946abb8f810d5692250544f,9,2,10,0
5946a5f3f810d5692244a4fa,8,8,9,0
5946aee8f810d56922548a7b,12,1,12,0
5946a589f810d5692243aa3a,6,1,8,0
5946abdef810d56922506ea5,9,2,9,0
5946ad97f810d5692252deb1,11,2,12,0
5946aeebf810d5692254abe5,9,1,11,0
5946a582f810d56922438020,6,2,8,0
5946a5f2f810d5692244a0a1,9,3,10,0
5946ad03f810d56922517dbb,11,1,11,0
5946a8fbf810d569224c2014,11,1,12,0
5946aee8f810d56922548389,11,1,12,0
5946aa04f810d569224e46b5,6,3,8,0
5946a8f2f810d569224ba4b1,8,1,8,0
5946a5f9f810d5692244c3ce,7,2,8,0
5946a5b4f810d5692244099a,5,1,8,0
5946b00af810d5692255c876,8,4,9,0
5946aee8f810d56922548a03,12,1,12,0
5946aabef810d569224f6398,6,3,8,0
5946a5f3f810d5692244aee0,10,1,10,0
5946acfef810d56922513974,8,5,9,0
5946a7a4f810d569224919de,6,1,8,0
5946a5f3f810d5692244af80,8,9,9,0
5946a84af810d569224a4c81,11,1,11,0
5946a7a3f810d56922491699,6,2,8,0
5946acfef810d5692251382b,8,1,8,0
5946a790f810d5692248e7e1,10,6,10,0
5946a797f810d5692248ef9b,7,5,8,0
5946a8f8f810d569224c00c7,10,4,11,0
5946ad97f810d5692252db62,9,1,9,0
5946a5f3f810d5692244a5b2,9,2,9,0
5946a7a3f810d56922490bf2,5,3,8,0
5946a64df810d56922454d7e,5,2,8,0
5946ab72f810d569225007d4,5,4,8,0
5946a6cef810d569224704e9,7,1,8,0
5946ab6ef810d5692250038c,6,2,8,0
5946ad0cf810d5692251f129,9,6,10,0
5946ab35f810d569224fc25c,6,3,8,0
5946a5f2f810d5692244a088,8,3,8,0
5946ad0df810d569225204d3,8,4,9,0
5946aa03f810d569224e4065,6,1,8,0
5946ad0cf810d5692251ebe9,10,1,10,0
5946abdff810d5692250742e,8,3,9,0
5946a7a3f810d56922490d1c,5,3,8,0
5946aa03f810d569224e4032,6,1,8,0
5946a6cef810d5692246ffdf,7,1,8,0
5946a8f4f810d569224bc5ec,12,1,12,0
5946a5f3f810d5692244b01e,8,8,9,0
5946a74bf810d56922486f5d,5,1,8,0
5946a7a2f810d56922490aac,7,1,9,0
5946afeff810d56922559a37,11,1,11,0
5946abdff810d56922507296,9,1,9,0
5946ad02f810d56922516f05,12,1,12,0
5946a7b7f810d56922494625,8,4,9,1
5946ad0af810d5692251d595,10,1,10,0
5946a8fcf810d569224c3328,10,1,11,0
5946ad98f810d5692252e40e,8,4,10,0
5946ad96f810d5692252cf67,8,3,9,0
5946aee6f810d56922546c7e,10,1,11,0
5946a8f7f810d569224be63b,11,1,11,0
5946a7b8f810d56922495aaf,8,1,9,1
5946aeb5f810d5692253fe11,7,1,8,0
5946a797f810d5692248ef20,11,1,11,0
5946b009f810d5692255bd43,10,1,10,0
5946a8f2f810d569224ba50e,11,1,11,0
5946ad0ef810d569225205c1,10,2,11,0
5946a5f4f810d5692244b161,10,2,10,0
5946a74af810d56922486a98,4,4,8,0
5946a7a3f810d56922490d28,5,2,8,0
5946ad07f810d5692251a7f5,9,1,10,0
5946a8fef810d569224c5197,9,3,9,0
5946a5f4f810d5692244b79c,9,2,10,0
5946ad0ef810d5692252074c,8,1,9,0
5946ad06f810d56922519eb5,11,1,12,0
5946a8fff810d569224c662c,7,1,8,0
5946aaabf810d569224f500d,6,2,8,1
5946a5f3f810d5692244abd1,8,9,9,0
5946a8f0f810d569224b8bbb,8,2,8,0
5946ade1f810d56922535190,8,13,10,0
5946a8f5f810d569224bd7d9,10,1,10,0
5946a7a3f810d56922490d3b,5,3,8,0
5946afeff810d56922559835,11,1,11,0
5946ac43f810d5692250b1cd,5,3,8,0
5946a5f3f810d5692244aac1,8,12,9,0
5946a5f3f810d5692244b017,10,2,10,0
5946a818f810d569224a10e9,5,6,8,0
5946acb8f810d5692250eead,8,3,9,0
5946a5f3f810d5692244a3ed,8,1,9,0
5946a6cef810d56922470473,6,2,8,0
5946a7b7f810d569224944b0,7,3,8,1
5946a7a4f810d569224919ea,6,2,8,0
5946ad05f810d569225191df,9,4,10,0
5946a8e4f810d569224b7d49,10,1,12,0
5946a7a2f810d569224908f2,6,3,9,0
5946a797f810d5692248ef9e,8,3,8,0
5946ab72f810d5692250045e,5,5,8,0
5946a7a2f810d5692249054b,6,1,9,0
5946acc1f810d569225105ef,10,2,11,0
5946a906f810d569224c7ab0,8,2,8,0
5946ad06f810d56922519e47,11,2,12,0
5946a7a2f810d56922490027,6,1,8,0
5946aed9f810d56922545ca1,6,3,8,0
5946ab34f810d569224fbf80,7,3,9,0
5946a74bf810d56922486efd,4,4,8,0
5946ad0df810d569225203a8,8,5,9,0
5946a5f4f810d5692244b26b,8,3,9,0
5946a6cef810d56922470088,7,1,8,0
5946a7a2f810d569224908c9,6,3,9,0
5946ad73f810d5692252a50f,9,3,9,0
5946a8f4f810d569224bc0f6,11,2,11,0
5946ad98f810d5692252e25d,10,8,12,0
5946acfef810d5692251368f,9,1,9,0
5946ad0cf810d5692251ec12,9,3,9,0
5946abdff810d569225073a9,9,3,9,0
5946ab34f810d569224fbf2c,7,3,9,0
5946a7a3f810d569224915a3,6,2,8,0
5946a7a2f810d569224905a0,6,3,9,0
5946a8fbf810d569224c2c35,10,1,11,0
5946aeebf810d5692254b680,9,2,10,0
5946ad0df810d56922520402,11,1,11,0
5946ab35f810d569224fc41c,7,2,9,0
5946aef1f810d56922550884,12,3,12,0
5946aee8f810d56922548400,11,1,11,0
5946ac2cf810d5692250a48f,11,1,11,0
5946a7a4f810d569224917ed,6,3,8,0
5946a5b3f810d569224400d4,4,2,8,0
5946aec9f810d56922544785,10,1,11,0
5946a8fbf810d569224c24c4,13,2,14,0
5946a587f810d56922438f2a,7,1,8,0
5946aeedf810d5692254ccb8,9,3,10,0
5946a650f810d56922456a7b,5,1,8,0
5946a5b3f810d569224402a6,3,9,8,1
5946a7a2f810d5692249076d,6,3,8,0
5946ad08f810d5692251b53e,8,2,8,0
5946a8fcf810d569224c3b4d,10,1,11,0
5946aec6f810d56922543a5a,10,1,10,0
5946a7e9f810d5692249b1d8,6,1,8,0
5946a7a2f810d5692249069a,7,1,8,0
5946a74af810d569224868a6,4,4,8,0
5946aee8f810d569225489c0,12,1,12,0
5946ad0df810d56922520420,12,1,12,0
5946a7a3f810d56922491566,5,5,8,0
5946a5b3f810d569224404ae,4,3,8,0
5946aa03f810d569224e407f,6,1,8,0
5946aee8f810d56922548a3f,12,1,12,0
5946a7a2f810d56922490a49,5,2,8,0
5946a7a2f810d5692249059c,6,1,8,0
5946aa78f810d569224f26b0,7,4,8,0
5946a8fff810d569224c65fc,8,4,9,0
5946a7b7f810d56922494b7a,8,3,9,1
5946afb7f810d569225583b2,10,1,10,0
5946ad0af810d5692251d3ef,9,3,10,0
5946acfef810d56922513957,9,1,9,0
5946aee8f810d569225483d3,12,1,12,0
5946a8faf810d569224c11a6,10,6,10,0
5946a5f3f810d5692244a3e0,7,2,8,0
5946ab72f810d56922500884,6,1,8,0
5946b009f810d5692255ba2e,10,3,10,0
5946a8f5f810d569224bd736,10,1,10,0
5946ab72f810d56922500739,6,2,8,0
5946ab35f810d569224fc1f3,6,3,8,0
5946a5f3f810d5692244aed5,10,2,10,0
5946aec9f810d56922544751,11,1,11,0
5946a5b4f810d569224409a2,4,1,8,1
5946a74af810d56922486bbe,5,1,8,0
5946a8f5f810d569224bcc54,11,4,11,0
5946aee8f810d56922548a8d,12,1,12,0
5946a8fbf810d569224c2bcc,10,6,11,0
5946a5b4f810d569224407d6,4,6,8,0
5946a8f2f810d569224ba4f8,11,1,11,0
5946a8f2f810d569224ba883,11,1,11,0
5946b15ff810d56922565808,6,2,8,0
5946ab35f810d569224fc534,7,1,9,0
5946a7a2f810d569224906cc,7,1,9,0
5946a790f810d5692248e972,10,3,10,0
5946abb6f810d56922503c3a,8,2,8,0
5946ad0ef810d569225204f9,11,1,11,0
5946a7a2f810d569224908df,7,1,8,0
5946a5f4f810d5692244b9db,9,3,10,0
5946a7a2f810d569224908b4,6,3,8,0
5946ab35f810d569224fc295,6,1,8,0
5946ab72f810d5692250051b,5,7,8,0
5946abdff810d569225073e4,9,2,9,0
5946abdff810d56922507698,9,2,9,0
5946aef1f810d569225508d4,11,3,11,0
5946b093f810d56922561c1f,9,1,9,0
5946a791f810d5692248ea84,6,6,8,0
5946a5f4f810d5692244b9d8,9,3,10,0
5946a8f1f810d569224b973c,12,1,13,0
5946a7a3f810d569224915c8,6,4,8,0
5946aed9f810d56922545ca0,6,2,8,0
5946a7a2f810d5692249056d,5,2,8,0
5946aa05f810d569224e4deb,6,2,8,0
5946a7b7f810d56922494471,7,6,8,1
5946a57cf810d56922437043,6,3,8,0
5946a6e6f810d56922473f7b,8,1,9,0
5946ad04f810d56922518504,11,1,11,0
5946a5f3f810d5692244a3e8,7,9,9,0
5946aeeaf810d56922549e28,10,5,12,0
5946a5b4f810d5692244079b,4,1,8,0
5946ad04f810d56922517fe6,10,1,10,0
5946a8f5f810d569224bd5f0,9,6,10,0
5946abdff810d569225074a6,8,2,9,0
5946abdef810d56922506d6a,9,2,9,0
5946abdef810d56922506e71,8,1,8,0
5946ab06f810d569224fa71b,10,1,10,0
5946ad06f810d56922519fab,10,4,11,0
5946a7a2f810d56922490181,7,1,9,0
5946a8f4f810d569224bc176,13,1,13,0
5946ab06f810d569224fa682,8,3,9,0
5946aee8f810d56922548651,12,1,12,0
5946a791f810d5692248ea8c,6,5,8,0
5946a8f4f810d569224bc922,10,6,11,0
5946acc1f810d569225109d5,8,3,8,0
5946acc0f810d5692250f52f,8,1,9,0
5946aeebf810d5692254ac88,10,1,11,0
5946a791f810d5692248eb55,8,1,9,1
5946a7a3f810d56922490ce6,5,2,8,0
5946ad0af810d5692251d961,11,2,11,0
5946afeff810d56922559a0e,11,2,11,0
5946ab31f810d569224fbdab,6,2,8,0
5946a8fbf810d569224c2cf3,12,1,13,0
5946afeff810d56922559753,11,1,11,0
5946abdff810d56922507566,9,1,9,0
5946a8f4f810d569224bc73a,10,7,11,0
5946a8f5f810d569224bd8d7,7,6,8,0
5946ad96f810d5692252cefe,9,1,9,0
5946a576f810d5692243634a,9,3,9,0
5946aee9f810d56922548f66,11,1,11,0
5946a7a3f810d56922490cfa,5,2,8,0
5946abdff810d569225078d1,8,1,8,0
5946ad0af810d5692251d963,11,1,11,0
5946ad05f810d56922519480,12,1,13,0
5946ad06f810d56922519e94,11,2,12,0
5946a8fcf810d569224c31d6,11,1,12,0
5946aee9f810d56922549687,6,3,8,0
5946abf5f810d56922508dab,11,2,11,0
5946abdff810d569225073a2,9,1,9,0
5946b086f810d56922560881,8,2,9,0
5946a8fff810d569224c5d2b,8,2,8,0
5946a5b4f810d5692244079a,4,7,8,0
5946ad4ff810d5692252869a,9,3,9,0
5946a791f810d5692248ebbe,10,3,11,0
5946aef2f810d5692255106f,9,1,9,0
5946a5b3f810d56922440262,4,8,8,0
5946aee9f810d56922548f04,11,1,11,0
5946b009f810d5692255bc6e,9,1,9,0
5946ad03f810d56922517964,8,3,9,0
5946a8fdf810d569224c3ff0,11,2,12,0
5946ab34f810d569224fbfa6,6,3,9,0
5946b008f810d5692255b5b8,8,3,9,1
5946aec6f810d56922543fc7,12,2,13,0
5946ad03f810d5692251771c,7,13,8,0
5946ab34f810d569224fbf21,7,3,9,0
5946a5f4f810d5692244b163,10,2,10,0
5946abdef810d56922507010,8,2,9,0
5946a8e4f810d569224b7d6a,11,1,12,0
5946a7a3f810d56922491134,5,1,8,0
5946a587f810d56922438de7,7,1,8,0
5946b086f810d56922560800,6,1,8,0
5946aaabf810d569224f501d,7,2,8,0
5946b008f810d5692255b608,8,1,9,1
5946aee8f810d569225481e1,12,1,12,0
5946aee8f810d569225485f3,12,1,12,0
5946a8fcf810d569224c2f4c,12,3,13,0
5946a5f3f810d5692244b02f,10,2,10,0
5946aee8f810d569225489f1,11,1,12,0
5946a5f4f810d5692244b422,9,3,10,0
5946a790f810d5692248e812,8,6,8,0
5946a8f5f810d569224bcc65,11,1,11,0
5946a797f810d5692248ef25,9,6,10,0
5946a7a2f810d56922490a30,6,3,9,0
5946a8f5f810d569224bd618,10,1,10,0
5946adedf810d56922535422,10,2,11,0
5946a7a4f810d569224917a8,5,1,8,1
5946ae9af810d5692253f2de,10,1,10,0
5946ab35f810d569224fc31a,6,3,8,0
5946a5f4f810d5692244b387,8,6,9,0
5946ae26f810d5692253832f,11,1,11,0
5946b1e7f810d569225694cf,8,4,9,0
5946aeeaf810d56922549e1a,10,6,12,0
5946aee8f810d56922548334,12,1,12,0
5946ab35f810d569224fc50d,7,1,9,0
5946ab35f810d569224fc58e,7,3,9,0
5946a8f4f810d569224bc5e9,9,7,10,0
5946acfef810d56922513893,8,1,8,0
5946ab35f810d569224fc57c,6,3,9,0
5946ac43f810d5692250b1a2,5,3,8,0
5946a5b3f810d56922440704,4,3,8,0
5946aee8f810d569225482b3,11,3,11,0
5946a8fdf810d569224c3d8d,10,5,11,0
5946abb8f810d56922505524,7,7,9,0
5946acb8f810d5692250eea4,8,5,9,0
5946b009f810d5692255bd63,10,1,10,0
5946aca4f810d5692250e4c7,9,4,10,0
5946aca4f810d5692250e4d2,9,1,9,0
5946aee6f810d569225467e6,11,1,11,0
5946ad07f810d5692251a56f,10,3,10,0
5946b009f810d5692255bc86,9,2,9,0
5946ad96f810d5692252ceff,9,1,9,0
5946a5f4f810d5692244b556,8,2,9,0
5946a8fff810d569224c6646,7,5,8,0
5946a5b3f810d56922440231,3,10,8,0
5946a7a3f810d56922491577,6,1,8,0
5946b008f810d5692255b5ea,8,3,9,1
5946a7a3f810d5692249104f,6,1,8,0
5946a8f5f810d569224bd00c,11,1,11,0
5946aa00f810d569224e1c4a,6,4,8,0
5946b009f810d5692255bd61,10,1,10,0
5946ad0cf810d5692251ec34,9,1,10,0
5946afeff810d569225599b2,8,4,9,0
5946b00af810d5692255c5c2,11,1,12,0
5946a5f4f810d5692244b5b3,9,3,10,0
5946b46df810d569225757b7,8,1,9,0
5946a797f810d5692248efbc,8,3,8,0
5946a5b4f810d56922440797,5,1,8,0
5946ad0ef810d569225206a2,11,1,11,0
5946a74af810d56922486e82,4,2,8,0
5946a6a1f810d56922464fa4,9,1,9,0
5946aa81f810d569224f2b88,5,1,8,0
5946acb8f810d5692250ee93,8,2,9,0
5946acfef810d56922513962,9,1,9,0
5946a567f810d56922433a3a,5,4,8,0
5946a569f810d56922434f26,5,2,8,0
5946a8faf810d569224c1887,10,1,11,0
5946ab35f810d569224fc940,6,2,8,0
5946a8fcf810d569224c3b4f,11,2,12,0
5946aca4f810d5692250e4bc,9,2,9,0
5946a607f810d5692244d2f8,7,2,8,1
5946a5f2f810d5692244a18b,8,3,9,0
5946abdff810d5692250740a,8,3,9,0
5946ad08f810d5692251b4d1,10,1,10,0
5946ab35f810d569224fc26b,6,2,8,0
5946a5f4f810d5692244b10a,8,1,8,0
5946ab35f810d569224fc551,7,2,9,0
5946a8f7f810d569224bee56,10,1,10,0
5946a797f810d5692248efbe,8,4,8,0
5946ae69f810d5692253dadd,9,1,9,0
5946a8f5f810d569224bd5c8,8,3,8,0
5946aeebf810d5692254b51c,11,1,12,0
5946ad0cf810d5692251ec9c,10,3,10,0
5946a74af810d5692248688e,5,1,8,0
5946a7a2f810d56922490600,6,1,9,0
5946ad07f810d5692251a6f0,9,2,10,0
5946aec9f810d5692254476f,11,1,12,0
5946ab35f810d569224fc319,6,3,8,0
5946a6cef810d56922470023,6,1,8,0
5946a5f3f810d5692244b0c9,9,4,10,0
5946b15ff810d5692256596b,6,2,8,0
5946a7a2f810d56922490601,6,1,9,0
5946a72df810d5692247f96b,9,5,9,0
5946abdff810d5692250756e,9,1,9,0
5946aeeaf810d56922549cee,10,3,11,0
5946aef1f810d569225508b9,12,3,12,0
5946a5f4f810d5692244ba81,9,2,10,0
5946ad07f810d5692251a755,10,2,10,0
5946a775f810d5692248dbd2,10,1,10,0
5946ad98f810d5692252e414,9,1,10,0
5946ab35f810d569224fc3dc,6,3,8,0
5946b46df810d569225757bc,7,5,8,0
5946a8b6f810d569224b2705,8,2,8,0
5946a8f7f810d569224bedbd,10,1,10,0
5946a5b4f810d569224409ce,4,2,8,0
5946a5f3f810d5692244b02d,10,2,10,0
5946acfff810d56922513e6e,7,3,8,0
5946ab35f810d569224fc53c,7,2,9,0
5946a5f3f810d5692244a760,9,2,10,1
5946a567f810d569224339f5,5,4,8,0
5946a8f9f810d569224c0b4e,10,3,11,0
5946ad0af810d5692251d6b0,10,3,10,0
5946abdff810d569225073f0,9,3,9,0
5946a790f810d5692248e917,9,3,10,0
5946acfef810d569225139c6,9,1,9,0
5946ad02f810d569225167b9,9,2,10,0
5946a5f3f810d5692244abcd,8,8,9,0
5946a7a3f810d56922490cf8,5,2,8,0
5946ab34f810d569224fbee6,6,1,8,0
5946ad06f810d56922519c95,11,2,12,0
5946a562f810d56922433679,6,2,8,0
5946ab34f810d569224fbf45,6,3,8,0
5946a5f3f810d5692244aa33,9,2,10,0
5946ab34f810d569224fbf90,7,2,9,0
5946ad07f810d5692251a6e9,10,2,10,0
5946ac2cf810d5692250a4c4,10,1,10,0
5946b009f810d5692255bac9,10,3,10,0
5946ad0cf810d5692251f10f,11,3,11,0
5946a72cf810d5692247e1f4,7,3,8,0
5946ad05f810d569225194d6,12,1,12,0
5946a5f4f810d5692244b388,8,8,9,0
5946a5f4f810d5692244ba7d,8,1,9,0
5946acfef810d5692251364b,8,1,8,0
5946a5f2f810d569224499cd,8,2,9,0
5946a8f5f810d569224bd5e3,7,7,8,0
5946a6d3f810d56922471f2d,7,4,8,0
5946a8e4f810d569224b7e1f,7,2,8,0
5946a7a3f810d5692249164f,6,2,8,0
5946aeebf810d5692254ace0,10,1,11,0
5946a8f5f810d569224bd5ef,10,2,10,0
5946abb6f810d56922503b98,7,3,8,0
5946b009f810d5692255be5a,11,1,11,0
5946acfef810d56922513998,9,1,9,0
5946ab35f810d569224fc580,7,3,9,0
5946ad05f810d569225190ee,11,1,11,0
5946a5b3f810d5692243ffb4,5,1,8,0
5946a7e9f810d5692249b1b3,5,6,8,0
5946a790f810d5692248e7be,9,3,9,0
5946ab35f810d569224fc6d3,6,2,8,0
5946a7a2f810d56922490578,6,1,9,0
5946a8faf810d569224c1a1e,10,1,11,0
5946a8faf810d569224c11d8,11,1,11,0
5946a5f2f810d5692244a0af,9,1,10,0
5946ad0df810d56922520446,10,1,11,0
5946a8fdf810d569224c3d1b,10,7,12,0
5946ad0ef810d56922520525,10,3,10,0
5946ad06f810d5692251a362,9,8,10,0
5946ad97f810d5692252d6ef,8,2,8,0
5946a5f3f810d5692244aa6d,8,10,9,0
5946aef1f810d569225509ba,12,1,12,0
5946a5f3f810d5692244a742,8,1,9,0
5946a8e4f810d569224b7d7f,10,1,10,0
5946abb8f810d56922505610,8,3,8,0
5946a7a2f810d5692249075b,6,1,9,0
5946a8f4f810d569224bc92e,10,1,11,0
5946a5b4f810d569224409a4,3,9,8,1
5946abdef810d56922507102,8,2,8,0
5946acfef810d56922513981,8,5,9,0
5946a5f4f810d5692244b5e6,9,1,10,0
5946ab72f810d5692250081f,6,2,8,0
5946a7a2f810d569224905bf,7,1,9,0
5946aeeaf810d56922549fb4,12,1,13,0
5946a650f810d56922456931,5,3,8,0
5946ab34f810d569224fbfca,7,1,8,0
5946aee8f810d5692254860c,11,1,11,0
5946a7b7f810d569224944e3,8,3,9,1
5946ab35f810d569224fc555,7,2,8,0
5946a5b3f810d5692244029c,6,3,8,0
5946a7a2f810d569224909e2,6,3,9,0
5946a7b8f810d569224958ef,8,2,9,1
5946a7b8f810d569224958ee,9,3,10,1
5946a791f810d5692248ebe3,11,1,11,0
5946a587f810d56922439210,7,1,8,0
5946acfef810d569225139a0,9,1,9,0
5946ad97f810d5692252dd0a,12,1,12,0
5946a8faf810d569224c11d4,11,1,11,0
5946ac43f810d5692250aeae,6,3,8,0
5946ad07f810d5692251a621,8,3,9,0
5946aac0f810d569224f6559,10,3,10,0
5946acfef810d56922513892,8,1,8,0
5946a5f9f810d5692244c3a7,6,2,8,0
5946a8f2f810d569224ba535,12,1,12,0
5946a7a3f810d5692249156b,6,2,8,0
5946a7a3f810d5692249130d,6,1,8,0
5946b15ff810d569225657bb,6,1,8,0
5946a636f810d56922451ac1,5,1,8,0
5946afe3f810d569225591d4,6,2,8,0
5946a589f810d5692243a6db,6,2,8,0
5946ad0cf810d5692251f385,11,1,11,0
5946aee8f810d569225482b1,11,1,11,0
5946a791f810d5692248ea8b,6,3,8,0
5946ad96f810d5692252cb25,11,3,12,0
5946adbbf810d56922532826,6,1,8,0
5946ab72f810d56922500668,5,4,8,0
5946ad4ef810d569225272ed,8,4,8,0
5946a5f4f810d5692244b9d9,9,3,10,0
5946a8fff810d569224c5cc9,9,1,9,0
5946ae29f810d569225394e9,9,1,9,0
5946a7a3f810d56922490bfd,5,2,8,0
5946aeeaf810d56922549edb,13,1,14,0
5946a8f6f810d569224bdc09,11,2,12,0
5946abdff810d569225074a5,8,2,9,0
5946a7b8f810d56922495aab,7,3,9,1
5946a7a2f810d56922490657,6,2,9,0
5946a8f1f810d569224b958e,11,5,12,0
5946ad96f810d5692252cf8a,8,3,9,0
5946aee8f810d56922548a80,12,1,12,0
5946a8faf810d569224c1870,10,1,11,0
5946a791f810d5692248eb7b,11,1,11,0
5946a7a2f810d56922490711,6,3,9,0
5946a5f4f810d5692244b83c,9,1,10,0
5946a797f810d5692248ef85,10,7,11,0
5946ab35f810d569224fc55a,7,3,9,0
5946a8e4f810d569224b7dce,8,1,9,0
5946a5f4f810d5692244ba6e,9,2,10,0
5946a797f810d5692248ef8b,10,3,11,0
5946a8fbf810d569224c2e0c,10,1,11,0
5946a8f2f810d569224baa27,11,1,11,0
5946acc1f810d56922510027,10,1,10,0
5946a8a3f810d569224ac465,6,1,8,0
5946ac43f810d5692250aced,6,1,8,0
5946ad0cf810d5692251eb79,9,1,10,0
5946a704f810d56922476466,6,2,8,0
5946a7a2f810d569224909e3,6,3,9,0
5946a8f1f810d569224b9368,10,3,10,0
5946ae28f810d56922538aae,9,11,11,0
5946a8f8f810d569224bfd16,11,1,11,0
5946a8f7f810d569224bebba,11,3,11,0
5946a72cf810d5692247e271,10,1,10,0
5946a7a2f810d569224907b8,7,1,9,0
5946abdef810d56922506d80,9,2,9,0
5946a7a2f810d569224905a2,6,1,9,0
5946acb8f810d5692250ee99,8,6,9,0
5946ac43f810d5692250b1d5,6,1,8,0
5946acfef810d56922513793,9,1,9,0
5946a8fff810d569224c5c9d,9,3,9,0
5946a5b4f810d56922440946,5,3,8,0
5946a8fcf810d569224c3b24,9,10,11,0
5946ab34f810d569224fbf52,7,2,9,0
5946aeeaf810d56922549f44,10,1,12,0
5946abdef810d56922507161,9,1,9,0
5946b15ff810d56922565870,6,2,8,0
5946a5f3f810d5692244aa68,8,9,9,0
5946acfef810d569225139b8,8,2,9,0
5946abdff810d5692250742f,8,3,9,0
5946a5b3f810d56922440662,4,4,8,0
5946a5c5f810d5692244238d,6,2,8,0
5946ab35f810d569224fc330,7,1,8,0
5946a7b7f810d56922494406,8,4,9,1
5946ad06f810d56922519edd,11,2,12,0
5946a8f4f810d569224bc798,10,2,11,0
5946ab35f810d569224fc22c,6,1,8,0
5946a775f810d5692248db87,9,7,10,0
5946a7b7f810d56922494486,7,3,8,1
5946ab06f810d569224fa72f,8,4,9,0
5946a8fbf810d569224c23e2,10,2,11,0
5946ab34f810d569224fbf77,7,2,9,0
5946a5f4f810d5692244b41f,9,2,10,0
5946a5b4f810d56922440951,5,1,8,0
5946aeb0f810d5692253faf0,8,2,9,0
5946a791f810d5692248ea7e,7,3,8,0
5946a7a2f810d5692249075c,6,1,9,0
5946a8fff810d569224c5caf,9,1,9,0
5946a5f3f810d5692244b033,9,1,10,0
5946a5f4f810d5692244b9da,9,4,10,0
5946a7a2f810d569224900f6,6,1,9,0
5946b15ff810d569225659e8,5,7,8,0
5946b15ff810d5692256599a,6,2,8,0
5946a8e4f810d569224b7d76,11,2,12,0
5946ab35f810d569224fc564,7,2,9,0
5946a790f810d5692248e901,9,2,9,0
5946a8f6f810d569224bdce3,10,1,11,0
5946a6cef810d56922470432,7,2,8,0
5946abb8f810d56922505328,8,2,8,0
5946a7a4f810d569224919ee,6,1,8,0
5946ae56f810d5692253b709,7,1,8,0
5946ad98f810d5692252df35,12,2,13,0
5946ad00f810d56922514be9,8,3,9,0
5946a8faf810d569224c11d9,11,2,11,0
5946a7a4f810d5692249179a,6,2,8,0
5946acb8f810d5692250eecb,8,5,9,0
5946aca4f810d5692250e4bd,8,5,9,0
5946afeff810d56922559853,11,1,11,0
5946abdff810d56922507364,8,3,9,0
5946a92cf810d569224caf0a,8,1,9,0
5946a8f6f810d569224be2e5,11,1,11,0
5946a5f4f810d5692244b419,9,3,10,0
5946ad0cf810d5692251eb78,9,3,10,0
5946ad05f810d5692251978f,13,1,13,0
5946aee8f810d56922548664,10,1,10,0
5946aa20f810d569224e8339,9,3,9,0
5946ad25f810d56922523744,9,2,9,0
5946ab35f810d569224fc2a0,6,3,8,0
5946ad06f810d56922519c9b,11,1,12,0
5946b15ff810d569225657e9,6,1,8,0
5946acfef810d569225137bb,9,1,9,0
5946af36f810d569225531a8,8,3,9,0
5946aee8f810d56922548b39,12,1,12,0
5946a74af810d5692248681c,5,1,8,0
5946ad98f810d5692252eb79,8,3,10,0
5946a6cef810d56922470421,7,2,8,0
5946ad02f810d56922517035,10,3,10,0
5946aee8f810d56922548327,12,1,12,0
5946a8f5f810d569224bcfb8,11,1,11,0
5946a8fff810d569224c5cc7,9,3,9,0
5946a8fbf810d569224c2be7,10,6,11,0
5946b1e6f810d56922568fff,10,1,10,0
5946acfef810d569225139ba,9,1,9,0
5946a8f7f810d569224beddb,8,5,8,0
5946a5f4f810d5692244b396,9,3,10,0
5946a5b4f810d569224407d7,4,2,8,0
5946ac9af810d5692250df68,10,1,11,0
5946ad05f810d569225194c5,11,1,11,0
5946a6a1f810d56922464820,8,3,9,0
5946a8f5f810d569224bd8e7,8,1,8,0
5946a7a2f810d569224906a3,6,3,9,0
5946ab35f810d569224fc5e3,6,2,8,0
5946a5b3f810d569224402b6,4,3,8,0
5946ad07f810d5692251a803,10,2,10,0
5946a587f810d56922438944,6,2,8,0
5946a74af810d5692248689b,4,4,8,0
5946a8f6f810d569224bdce1,10,1,11,0
5946a8fbf810d569224c2d34,13,1,14,0
5946a74af810d56922486afc,4,4,8,0
5946a7a3f810d56922491682,6,3,8,0
5946a92cf810d569224caf09,8,3,9,0
5946a8f3f810d569224bb518,11,1,11,0
5946aee8f810d569225486df,11,1,11,0
5946a8e4f810d569224b7ca1,9,1,9,0
5946ad04f810d56922518857,12,1,12,0
5946a7a2f810d5692249093b,6,3,8,0
5946a74af810d5692248683a,4,2,8,0
5946a74af810d56922486901,4,4,8,0
5946ad0df810d5692251f8b5,12,1,12,0
5946ad4ff810d56922528686,8,1,8,0
5946ad03f810d5692251795c,8,3,9,0
5946aa4ef810d569224efa6f,6,3,8,0
5946a6cef810d56922470024,6,2,8,0
5946a5f4f810d5692244b7a9,8,6,9,0
5946a7b8f810d569224950cd,7,5,9,1
5946a8f2f810d569224ba869,12,1,12,0
5946ad9bf810d56922530c2c,9,2,9,0
5946a6dbf810d5692247339a,9,1,9,0
5946abb7f810d569225044fe,7,3,8,0
5946a5b3f810d569224405b6,4,6,8,0
5946a5b3f810d569224400d7,5,1,8,0
5946ad0cf810d5692251f36f,11,1,11,0
5946a8fdf810d569224c3d64,11,3,12,0
5946a5b3f810d56922440230,4,6,8,0
5946a797f810d5692248ef1e,11,2,11,0
5946ad04f810d569225181bc,10,1,10,0
5946ae2ff810d56922539d57,11,1,11,0
5946ad04f810d569225181ee,8,1,8,0
5946aef2f810d5692255107c,9,1,9,0
5946a74af810d5692248682c,5,1,8,0
5946a7a2f810d569224906cd,6,1,8,0
5946a892f810d569224ab8ee,13,1,13,0
5946a8fbf810d569224c2015,11,1,12,0
5946ab34f810d569224fbf92,6,2,8,0
5946a5c5f810d569224423bc,6,3,9,0
5946a7a3f810d5692249118b,5,1,8,0
5946a7b8f810d56922494fd2,8,2,9,1
5946a797f810d5692248ef26,9,7,10,0
5946b009f810d5692255b92b,9,1,10,0
5946a5b3f810d5692243ff77,5,2,8,0
5946ac43f810d5692250b2ef,6,2,8,0
5946a5b3f810d569224402bb,4,5,8,0
5946a7a2f810d56922490749,5,1,8,0
5946aee8f810d56922548665,10,1,10,0
5946ab35f810d569224fc2fd,6,1,8,0
5946ad04f810d56922518ac7,9,4,10,0
5946a5f3f810d5692244aac7,8,2,8,0
5946a7a2f810d569224907a4,6,3,9,0
5946aee8f810d56922548181,10,1,10,0
5946aee6f810d56922546828,12,1,12,0
5946a7a2f810d56922490887,6,3,9,0
5946a588f810d56922439868,5,1,8,0
5946a5f4f810d5692244ba5e,8,3,9,0
5946a797f810d5692248ef61,9,4,11,0
5946ad0cf810d5692251eb43,9,1,9,0
5946ac2cf810d5692250a45e,10,1,10,0
5946a8f9f810d569224c0f08,13,1,13,0
5946ab35f810d569224fc6aa,6,2,8,0
5946a5b3f810d56922440658,4,2,8,0
5946ae28f810d56922538ab0,10,1,11,0
5946abb8f810d56922505244,8,1,8,0
5946a57cf810d56922437045,6,1,8,0
5946ac2cf810d5692250a451,10,1,10,0
5946abdff810d56922507345,9,3,9,0
5946a8fef810d569224c4bae,9,3,9,0
5946a7a2f810d56922490643,6,2,9,0
5946afeff810d569225598a8,11,3,11,0
5946a5f2f810d5692244a0c1,6,9,8,0
5946b1e7f810d569225694c9,9,3,10,0
5946af1bf810d569225529c0,10,1,10,0
5946aeebf810d5692254ae5b,9,4,11,0
5946ad0df810d56922520449,10,3,10,0
5946a7a2f810d56922490575,7,1,9,0
5946a634f810d5692245182b,7,1,8,0
5946abdff810d569225077ff,8,2,9,0
5946a5b3f810d56922440666,4,3,8,0
5946a6bef810d5692246d3db,6,2,8,0
5946ac43f810d5692250acec,6,1,8,0
5946ad05f810d569225196f2,13,1,13,0
5946ad00f810d56922515548,11,1,11,0
5946a5f4f810d5692244b633,9,1,10,0
5946a8f5f810d569224bd7b2,9,6,10,0
5946acc1f810d56922510087,9,5,10,0
5946a7a2f810d56922490804,7,1,9,0
5946a8f7f810d569224beeba,9,4,9,0
5946ab34f810d569224fbf31,7,2,9,0
5946acfef810d569225139a5,9,1,9,0
5946aeeaf810d56922549ca2,11,1,12,0
5946a892f810d569224ab913,9,1,10,0
5946a8f7f810d569224beb97,11,1,11,0
5946abdff810d56922507672,9,1,9,0
5946a5f3f810d5692244a529,10,2,10,0
5946ab34f810d569224fbf1e,6,3,9,0
5946a8f5f810d569224bd5f4,7,8,8,0
5946a8f8f810d569224bfda4,10,1,11,0
5946ad97f810d5692252dc63,12,1,12,0
5946ad00f810d56922515575,12,1,12,0
5946aee8f810d56922548864,11,3,11,0
5946a57cf810d56922437050,6,1,8,0
5946a5f3f810d5692244aee1,9,3,10,0
5946a8faf810d569224c1f57,11,1,12,0
5946ad08f810d5692251b414,11,1,11,0
5946ad08f810d5692251c187,10,3,10,0
5946aa81f810d569224f2b84,6,1,8,0
5946a587f810d56922438e4c,7,1,8,0
5946ad03f810d56922517728,8,2,9,0
5946aec9f810d5692254474a,11,1,11,0
5946a5b3f810d5692243ff71,4,2,8,0
5946a7a3f810d56922490bfc,5,1,8,0
5946b1e7f810d569225694eb,8,3,9,0
5946ad08f810d5692251c148,9,1,9,0
5946a8fff810d569224c5d58,8,3,8,0
5946ae26f810d5692253832e,11,1,11,0
5946aee8f810d56922548863,11,2,11,0
5946a809f810d5692249fdb9,6,3,9,0
5946ad05f810d56922519612,8,8,9,0
5946aef2f810d56922551293,8,1,8,0
5946a8fff810d569224c5bcf,9,1,10,0
5946aeeaf810d56922549dde,10,1,12,0
5946a8f4f810d569224bc762,12,1,12,0
5946a576f810d56922436261,10,3,10,0
5946b009f810d5692255c01b,8,7,9,0
5946a6dbf810d56922473380,10,1,10,0
5946a8f7f810d569224be717,8,4,8,0
5946acfef810d5692251395c,8,1,8,0
5946acfef810d56922513a0f,8,2,8,0
5946aee6f810d56922546c82,11,3,11,0
5946abdff810d56922507495,8,2,9,0
5946aaabf810d569224f4fd1,5,3,8,1
5946a8b6f810d569224b28cc,8,1,9,1
5946ac43f810d5692250b1ba,5,2,8,0
5946a74af810d5692248697b,4,2,8,0
5946a8f4f810d569224bc79a,10,6,11,0
5946a7a2f810d569224906a4,6,3,9,0
5946a797f810d5692248ef2e,11,2,11,0
5946abdef810d56922507174,9,1,9,0
5946ad07f810d5692251a6b4,10,1,10,0
5946a74af810d56922486c55,4,4,8,0
5946aeebf810d5692254b1a1,10,1,11,0
5946a5f2f810d5692244a0ef,8,3,8,0
5946abdff810d5692250748f,8,2,9,0
5946aee8f810d569225481e6,12,1,12,0
5946a5f4f810d5692244b14e,8,2,9,0
5946ab72f810d56922500725,6,4,8,0
5946ab72f810d5692250081e,6,2,8,0
5946ae47f810d5692253ab3b,10,1,11,0
5946a650f810d56922456b73,5,1,8,0
5946b009f810d5692255bae4,10,1,10,0
5946ad05f810d56922519026,11,1,11,0
5946aeecf810d5692254c60b,9,1,9,0
5946a5b3f810d5692243ff6f,4,5,8,0
5946a8fcf810d569224c341b,9,7,11,0
5946a5f3f810d5692244a496,9,2,9,0
5946a651f810d56922456ee8,5,1,8,0
5946a5f3f810d5692244ae52,7,4,8,0
5946b1e7f810d569225694bc,9,3,10,0
5946ad4ef810d569225277ed,11,1,11,0
5946ae47f810d5692253ab3a,10,1,11,0
5946a7e9f810d5692249b1df,5,2,8,1
5946aeeaf810d56922549cb2,9,4,10,0
5946acfef810d56922513906,8,2,8,0
5946b00af810d5692255c87c,8,4,9,0
5946abdff810d569225076c1,9,1,9,0
5946abb8f810d5692250532a,8,1,8,0
5946ab35f810d569224fc276,6,1,8,0
5946aa1ef810d569224e82dc,8,3,9,0
5946ab34f810d569224fbfac,7,3,9,0
5946a5f4f810d5692244b362,8,7,9,0
5946ad4ff810d56922528682,9,3,9,0
5946aeeaf810d56922549c31,11,1,12,0
5946a562f810d5692243367a,6,2,8,0
5946aee8f810d569225485f5,12,1,12,0
5946ad06f810d5692251a24c,8,3,8,0
5946a5f4f810d5692244b28c,9,3,10,0
5946a8f5f810d569224bd7d7,10,1,10,0
5946a7a2f810d56922490a39,7,1,9,0
5946ad03f810d56922517783,9,1,9,0
5946a5f3f810d5692244a40e,7,10,9,0
5946a5f3f810d5692244a63d,9,2,9,0
5946a7a3f810d569224915ac,6,2,8,0
5946ade1f810d56922535181,8,13,10,0
5946b009f810d5692255baae,10,1,10,0
5946a5b3f810d56922440656,4,2,8,0
5946a8f3f810d569224bb489,11,1,11,0
5946a576f810d56922436276,11,5,12,0
5946b009f810d5692255bde1,8,2,9,0
5946a5adf810d5692243fa99,5,1,8,0
5946b3bbf810d56922571b67,7,5,8,0
5946a8fef810d569224c500e,8,2,8,0
5946ad0df810d5692251f89f,12,1,12,0
5946a8f4f810d569224bc60d,11,1,11,0
5946abdff810d5692250739e,9,3,9,0
5946a587f810d56922438e39,6,1,8,0
5946ab72f810d569225004e4,6,1,8,0
5946ad02f810d56922516790,9,3,9,0
5946ad0ef810d569225206a6,11,1,11,0
5946aee9f810d569225498d2,9,1,9,0
5946ac9af810d5692250ddad,11,1,11,0
5946a8f2f810d569224ba4b0,8,3,8,0
5946ae90f810d5692253e992,10,1,10,0
5946a7a4f810d569224917bb,6,1,8,0
5946a5f4f810d5692244b115,10,2,10,0
5946ac43f810d5692250b1d6,5,3,8,0
5946a57cf810d5692243703c,6,2,8,0
5946acfef810d5692251369f,9,4,10,0
5946a5f3f810d5692244ad85,7,7,8,0
5946aee8f810d56922548804,12,1,12,0
5946ac43f810d5692250b23b,6,2,8,0
5946ad0bf810d5692251e0f6,10,3,11,0
5946ad0af810d5692251d3e8,9,3,10,0
5946acfef810d569225139b2,8,2,8,0
5946a892f810d569224ab905,11,1,11,0
5946a7a2f810d569224907b1,6,3,9,0
5946ad0df810d56922520405,10,1,10,0
5946a8e4f810d569224b7d2c,10,1,12,0
5946a5f4f810d5692244b3dc,9,3,10,0
5946a6a1f810d56922464fa6,9,2,9,0
5946a8fbf810d569224c2aa9,10,2,11,0
5946a8faf810d569224c1f15,12,2,13,0
5946a8f2f810d569224ba808,11,1,11,0
5946ab35f810d569224fc347,6,1,8,0
5946ad03f810d569225179bf,10,1,10,0
5946abb6f810d56922503c39,7,1,8,0
5946acfef810d569225135cc,9,1,10,0
5946aee6f810d56922546c84,10,2,11,0
5946ad6bf810d5692252a114,6,2,8,0
5946adbbf810d56922532813,5,1,8,1
5946a7a2f810d56922490433,6,1,8,0
5946a8fbf810d569224c20d7,13,3,14,0
5946a6cef810d56922470093,7,1,8,0
5946abdff810d56922507573,9,1,9,0
5946a5f3f810d5692244af2a,9,2,10,0
5946a5f4f810d5692244b63c,9,2,10,0
5946aee8f810d56922548acf,12,1,12,0
5946a7a2f810d5692249084b,5,3,8,0
5946aef2f810d56922551138,9,2,9,0
5946aeeaf810d56922549f6f,10,3,12,0
5946acfef810d569225135c8,13,1,13,0
5946ad05f810d569225197ec,13,1,13,0
5946a72ef810d5692247fb7b,10,1,10,0
5946ad04f810d569225181bf,10,1,10,0
5946ab34f810d569224fbed6,6,1,8,0
5946ad05f810d56922519050,12,1,12,0
5946a74af810d56922486d17,5,2,8,0
5946a8e4f810d569224b7e0f,8,3,9,0
5946a6cef810d569224700e1,7,1,8,0
5946ab35f810d569224fc248,6,2,8,0
5946a7b7f810d56922494772,9,4,10,1
5946ae47f810d5692253ab35,10,1,11,0
5946aaabf810d569224f4fd0,6,3,8,0
5946abdff810d56922507394,9,3,9,0
5946a8f1f810d569224b9832,9,2,9,0
5946abdff810d56922507913,9,2,9,0
5946a7a2f810d569224905d8,6,2,8,0
5946aef1f810d569225508f5,12,3,12,0
5946ad98f810d5692252eb77,8,3,10,0
5946a8f5f810d569224bd0a2,12,1,12,0
5946ab72f810d5692250089b,6,2,8,0
5946a790f810d5692248e8b8,11,1,11,0
5946a7a2f810d5692249076e,6,3,8,0
5946a8f4f810d569224bc732,12,1,13,0
5946a8f4f810d569224bbc5d,11,2,11,0
5946ab2ff810d569224fbd47,5,3,8,0
5946a7a3f810d569224916a0,6,3,8,0
5946a5f2f810d5692244a0d9,8,2,9,0
5946ad05f810d56922519812,11,1,11,0
5946aeebf810d5692254b6c9,9,1,10,0
5946a791f810d5692248ebcc,11,4,12,0
5946a72ff810d569224808b9,9,1,9,0
5946a5b4f810d569224409ad,4,2,8,0
5946a8f2f810d569224ba804,11,1,11,0
5946a569f810d56922434a07,5,2,8,0
5946a74af810d56922486bed,4,4,8,0
5946a8f7f810d569224beca3,8,1,8,0
5946a7a2f810d56922490774,6,3,8,0
5946a6e6f810d56922473f7a,8,1,9,0
5946ae2ff810d56922539d6d,12,1,12,0
5946ad02f810d56922516e61,8,1,9,0
5946ae2ff810d56922539d71,12,1,12,0
5946a8faf810d569224c11a5,10,6,10,0
5946ad0cf810d5692251ecb2,10,3,10,0
5946a5b4f810d56922440786,3,15,8,0
5946ad07f810d5692251b27a,10,1,10,0
5946ad0cf810d5692251ed66,10,1,10,0
5946a8faf810d569224c1eea,11,2,12,0
5946a8f4f810d569224bc506,13,1,13,0
5946aa01f810d569224e2623,6,3,8,0
5946a5b3f810d569224402a9,3,15,8,1
5946a8f6f810d569224be5fa,11,3,11,0
5946acfef810d569225139c9,9,1,9,0
5946a8b6f810d569224b2934,8,2,8,0
5946a7a3f810d56922490cb9,6,1,8,0
5946aee8f810d569225485eb,11,1,11,0
5946ad98f810d5692252eb70,8,5,10,0
5946a7a2f810d56922490801,6,3,9,0
5946a5b3f810d569224403c4,4,5,8,0
5946ad0df810d569225203fb,11,1,11,0
5946aec6f810d56922543dd9,11,1,11,0
5946a5b3f810d569224406ac,4,7,8,0
5946ad03f810d56922517e7a,12,1,12,0
5946a5f3f810d5692244a67f,9,2,9,0
5946a8faf810d569224c1cba,11,1,12,0
5946aee6f810d56922546e1c,11,1,11,0
5946aa05f810d569224e4c69,5,3,8,0
5946aee8f810d569225481ef,12,1,12,0
5946a8fff810d569224c5bf6,10,3,11,0
5946ab34f810d569224fbf39,5,7,8,0
5946a906f810d569224c774d,8,4,9,0
5946a7a4f810d56922491850,7,1,8,0
5946a6a1f810d569224648d9,9,1,9,0
5946a7b8f810d56922495aae,8,1,9,1
5946a790f810d5692248e7da,8,3,9,0
5946ad05f810d56922518c94,10,4,11,0
5946b086f810d5692256087a,7,1,8,0
5946aef1f810d569225508d9,11,1,11,0
5946a8fff810d569224c5bf4,10,1,10,0
5946a6d3f810d56922471f15,7,3,8,0
5946b009f810d5692255b8b3,8,1,9,0
5946aee8f810d56922548b13,12,1,12,0
5946a675f810d56922460cda,8,1,9,0
5946acfef810d569225135cd,11,1,11,0
5946a5f4f810d5692244b69b,7,7,9,0
5946a5f3f810d5692244ab12,8,1,8,0
5946a791f810d5692248ebce,12,1,12,0
5946b00af810d5692255cffe,9,1,9,0
5946acfef810d569225137fe,8,1,8,0
5946a8f1f810d569224b98d6,8,1,9,0
5946a8f3f810d569224bb0b0,11,1,11,0
5946a8fff810d569224c5a76,9,2,9,0
5946ab35f810d569224fc2e3,6,3,8,0
5946adbbf810d56922532849,5,3,8,1
5946a8fbf810d569224c2058,11,1,12,0
5946a7a3f810d56922490b88,5,4,8,0
5946acfff810d56922513d6e,10,1,11,0
5946a5f3f810d5692244aff7,10,1,10,0
5946a74bf810d56922486f73,4,5,8,0
5946a7a2f810d5692249054c,6,1,9,0
5946a5f2f810d56922449e2b,8,3,8,0
5946ab35f810d569224fc533,7,2,8,0
5946a5f4f810d5692244b79e,9,1,10,0
5946a8fff810d569224c66d7,9,1,9,0
5946ac43f810d5692250b19e,5,3,8,0
5946ad05f810d56922519576,9,1,9,0
5946aeeaf810d5692254a8b0,10,1,10,0
5946aee8f810d56922548401,11,1,11,0
5946a8f4f810d569224bc91e,10,6,11,0
5946a5f4f810d5692244b469,8,14,10,0
5946b086f810d5692256065e,7,2,8,0
5946aa04f810d569224e431c,6,1,8,0
5946aeeaf810d56922549e61,10,3,12,0
5946abf5f810d56922508dc4,11,1,11,0
5946a7b7f810d569224949d9,8,3,9,1
5946a7a3f810d56922490cc1,5,2,8,0
5946a8f5f810d569224bd22c,11,3,11,0
5946a7a2f810d56922490543,5,2,8,0
5946aef2f810d56922550ade,11,1,11,0
5946a74af810d56922486903,4,2,8,0
5946a5f3f810d5692244a52e,9,2,10,0
5946aef1f810d56922550997,12,3,12,0
5946aaabf810d569224f4fe9,7,2,8,0
5946aee8f810d56922548298,11,1,11,0
5946a5f2f810d5692244991b,7,7,8,0
5946ad06f810d56922519e98,10,7,12,0
5946aee8f810d5692254864e,12,1,12,0
5946a5f2f810d5692244a18f,7,5,9,1
5946b009f810d5692255c27c,9,1,10,0
5946a5b4f810d56922440983,4,2,8,0
5946aeebf810d5692254b1a2,9,7,11,0
5946abdff810d56922507448,8,3,9,0
5946abdef810d56922507101,8,3,8,0
5946a8fbf810d569224c2e24,10,7,11,0
5946a7a2f810d569224906d4,6,3,9,0
5946aeebf810d5692254abe6,9,5,11,0
5946acfef810d569225139b1,8,1,9,1
5946aa03f810d569224e405b,5,2,8,0
5946ad02f810d5692251703a,11,1,12,0
5946a865f810d569224aa067,5,2,8,0
5946ab35f810d569224fc574,6,3,9,0
5946a797f810d5692248eeff,8,5,9,0
5946ad07f810d5692251a758,9,2,10,0
5946a8e4f810d569224b7cae,8,1,9,0
5946a8f4f810d569224bc580,13,1,13,0
5946a6d3f810d56922471f21,7,2,8,0
5946a7a2f810d569224905a3,6,1,9,0
5946ad46f810d5692252513f,9,3,9,0
5946a775f810d5692248dbd6,10,1,10,0
5946a5f4f810d5692244b75e,9,3,10,0
5946abdff810d5692250743a,8,3,9,0
5946a7a2f810d569224907b0,6,3,9,0
5946ae47f810d5692253ab37,10,1,11,0
5946a5f3f810d5692244a706,9,3,10,0
5946afb7f810d569225583b1,10,1,10,0
5946a587f810d56922438a4e,6,2,8,0
5946aec5f810d569225436b3,9,5,10,0
5946a576f810d56922436336,9,6,10,0
5946ad02f810d5692251703b,11,1,12,0
5946ac2cf810d5692250a49c,11,1,11,0
5946a8f7f810d569224bf22e,10,1,10,0
5946a5b3f810d56922440331,5,3,8,0
5946a7a2f810d56922490026,5,2,8,0
5946a8f8f810d569224c00c5,10,2,11,0
5946ad0cf810d5692251eb67,10,1,10,0
5946a802f810d5692249f9a9,7,1,8,0
5946a8fcf810d569224c3a26,9,7,10,0
5946a588f810d56922439869,6,1,8,0
5946a7b8f810d569224959c3,7,1,8,1
5946acb8f810d5692250ee9a,8,5,9,0
5946a7a3f810d56922490d2c,5,2,8,0
5946b009f810d5692255bbc5,9,1,9,0
5946a8fdf810d569224c42b2,10,2,11,0
5946a7a4f810d569224919d5,5,2,8,0
5946a5f4f810d5692244b152,10,2,10,0
5946a6cef810d56922470474,6,1,8,0
5946aee9f810d5692254927b,8,2,9,0
5946aee8f810d569225489fb,12,1,12,0
5946a8fff810d569224c5c3e,8,3,9,0
5946b086f810d56922560886,7,1,8,0
5946abb6f810d56922503a6c,8,3,9,0
5946a8f5f810d569224bd7b3,10,1,10,0
5946a650f810d5692245696a,5,2,8,0
5946a8f8f810d569224bf586,11,2,12,0
5946a71af810d5692247ab15,5,3,8,0
5946a5f3f810d5692244a6be,9,1,9,0
5946a5f2f810d5692244a12c,8,1,8,0
5946ad08f810d5692251b4cb,11,1,11,0
5946a7a3f810d569224915d4,6,2,8,0
5946a650f810d56922456c34,5,1,8,0
5946a7a4f810d569224917ca,6,1,8,0
5946a582f810d5692243802c,7,2,8,0
5946ad0cf810d5692251ec13,8,3,9,0
5946a8f8f810d569224c0094,11,1,12,0
5946ad02f810d56922517036,9,5,10,0
5946a7a2f810d5692249090b,6,3,9,0
5946ad03f810d56922517eec,12,1,12,0
5946a651f810d56922457135,6,1,8,0
5946a790f810d5692248e89a,10,1,11,0
5946a8fcf810d569224c3c37,11,4,12,0
5946a7b7f810d5692249435a,8,4,9,1
5946a8f6f810d569224bd941,8,1,8,0
5946a8f4f810d569224bc919,10,6,11,0
5946a7a3f810d56922490d79,5,3,8,0
5946a8f4f810d569224bc546,13,1,13,0
5946a6a2f810d56922465ccb,9,1,9,0
5946ad9bf810d56922530738,11,1,11,0
5946a797f810d5692248ef5d,10,2,11,0
5946b009f810d5692255bd9c,10,1,11,0
5946a8faf810d569224c1eeb,11,1,12,0
5946a8faf810d569224c1cb2,10,4,11,0
5946ad08f810d5692251b569,10,1,10,0
5946b009f810d5692255be16,11,2,12,0
5946a5f3f810d5692244a7e1,10,1,10,0
5946a7a4f810d569224919f3,6,1,8,0
5946a790f810d5692248e985,9,1,9,0
5946aef1f810d569225509cc,11,1,11,0
5946acc1f810d569225109d9,8,1,8,0
5946aeebf810d5692254b36f,9,5,11,0
5946ab35f810d569224fc587,7,3,9,0
5946ab72f810d569225005fc,5,6,8,0
5946a790f810d5692248e8e0,10,1,11,0
5946a5f4f810d5692244b55a,9,3,10,0
5946aa00f810d569224e1c31,6,1,8,0
5946a8f5f810d569224bd724,8,1,8,0
5946ad02f810d56922516f03,11,1,12,0
5946a5a5f810d5692243ddf7,4,6,8,0
5946ab34f810d569224fbeef,6,4,9,0
5946a8f5f810d569224bd8f5,8,1,8,0
5946ab35f810d569224fc5f9,5,5,8,0
5946aee6f810d56922546822,10,3,12,0
5946a5f4f810d5692244b582,8,6,9,0
5946acfef810d569225137a9,9,1,9,0
5946b009f810d5692255bb3c,10,3,10,0
5946af1bf810d569225529c2,10,1,10,0
5946ae29f810d56922539533,8,3,9,0
5946a72ef810d5692247f9ac,9,5,9,0
5946a5f3f810d5692244ae91,9,3,10,0
5946a7a2f810d56922490991,6,1,9,0
5946a791f810d5692248eb9c,10,4,11,0
5946b15ff810d5692256595d,6,3,8,0
5946adbbf810d5692253282e,6,3,8,0
5946aec6f810d5692254427b,12,3,13,0
5946adbbf810d569225327f5,7,1,8,0
5946abdff810d56922507447,8,3,9,0
5946a7b7f810d569224949df,8,4,9,1
5946a8f2f810d569224ba665,11,1,12,0
5946ad0cf810d5692251f328,10,1,10,0
5946ab72f810d56922500724,6,2,8,0
5946ac9af810d5692250dce6,7,7,8,0
5946ab35f810d569224fc2e6,6,3,8,0
5946a8f5f810d569224bd055,11,1,11,0
5946ad08f810d5692251b4f9,11,1,11,0
5946a62af810d56922450e7c,5,3,8,0
5946a8f7f810d569224be645,11,3,11,0
5946ad0bf810d5692251eb18,9,1,9,0
5946a8fff810d569224c65ec,8,2,9,0
5946a8f7f810d569224bedb9,9,3,9,0
5946a5b3f810d569224403bb,6,3,8,0
5946a5f4f810d5692244b6eb,9,3,10,0
5946ab35f810d569224fc245,6,3,8,0
5946acfef810d56922513991,9,1,9,0
5946aeebf810d5692254b3e1,11,1,12,0
5946a74af810d5692248693c,5,1,8,0
5946ac43f810d5692250aeaf,6,3,8,0
5946a6a3f810d56922466991,8,2,9,0
5946aee9f810d569225498f3,13,1,14,0
5946ad0af810d5692251d95d,11,1,11,0
5946ab37f810d569224fd579,6,3,8,0
5946aeeaf810d5692254a344,9,11,11,0
5946a8f0f810d569224b8bb9,8,1,8,0
5946aeeaf810d56922549cb5,10,1,11,0
5946aee9f810d569225492c5,9,5,10,0
5946acfef810d569225139be,8,1,8,0
5946a8fcf810d569224c321b,10,2,11,0
5946ad0af810d5692251d6ad,11,1,11,0
5946aee8f810d5692254886e,11,1,11,0
5946ad4ff810d56922528282,7,10,8,0
5946a84af810d569224a4cb6,10,1,10,0
5946a7a3f810d56922490d64,6,1,8,0
5946a790f810d5692248e7e4,10,6,10,0
5946a906f810d569224c75a3,11,1,11,0
5946a8f5f810d569224bd04c,11,1,11,0
5946a5f4f810d5692244b59c,7,2,8,0
5946a5f3f810d5692244aae0,8,7,9,0
5946ad0cf810d5692251f680,10,4,10,0
5946a797f810d5692248eee8,10,1,11,0
5946a7a3f810d56922490cde,6,1,8,0
5946a8f5f810d569224bd20b,11,1,11,0
5946ab34f810d569224fbf57,7,2,9,0
5946adbbf810d56922532793,6,1,8,0
5946aaf4f810d569224f99b2,6,2,8,0
5946aa81f810d569224f2b87,6,3,9,0
5946afeff810d56922559834,11,1,11,0
5946a8f4f810d569224bc420,14,2,14,0
5946aee8f810d56922548af7,12,1,12,0
5946a8fdf810d569224c4a95,10,1,10,0
5946a8b6f810d569224b292b,9,3,9,0
5946a7a2f810d5692249095c,6,3,9,0
5946ad03f810d56922517e2a,13,1,13,0
5946a7a2f810d5692249059f,6,3,9,0
5946abb8f810d5692250555b,8,1,9,0
5946aef1f810d5692255078c,11,1,11,0
5946ad02f810d569225167aa,10,1,10,0
5946a7a2f810d56922490589,6,1,8,0
5946a89bf810d569224abccd,6,2,8,0
5946a5f9f810d5692244c3cc,6,3,8,0
5946a8f4f810d569224bbc69,11,3,11,0
5946a797f810d5692248ef83,11,1,11,0
5946aeebf810d5692254b6cc,9,2,10,0
5946ab35f810d569224fc4ff,7,1,9,0
5946ab35f810d569224fc537,7,1,9,0
5946b038f810d5692255dcf5,7,1,8,0
5946a5f3f810d5692244a933,8,4,8,0
5946a7a3f810d569224916a3,6,3,8,0
5946ab35f810d569224fc3f9,6,2,8,0
5946aef1f810d5692255092e,12,3,12,0
5946aef1f810d56922550972,12,3,12,0
5946a8f4f810d569224bc29f,10,3,11,0
5946a72ef810d5692247fb62,8,2,8,0
5946aee8f810d56922548277,12,1,12,0
5946a5f3f810d5692244a6d0,10,2,10,0
5946aee9f810d56922548fb0,12,1,12,0
5946a8fff810d569224c6601,8,4,9,0
5946a5bcf810d56922441874,6,3,9,0
5946ad0af810d5692251d962,11,2,11,0
5946aee8f810d56922548495,12,1,12,0
5946a8fcf810d569224c3820,11,1,12,0
5946acfef810d5692251396a,9,1,9,0
5946aa00f810d569224e1eb3,5,3,8,0
5946abb8f810d56922505242,8,3,8,0
5946a62af810d56922450e78,7,2,9,0
5946afeff810d569225598a4,11,3,11,0
5946a5f2f810d5692244a0d8,8,3,9,0
5946a7b8f810d569224958f6,7,3,8,1
5946a791f810d5692248ea83,6,4,8,0
5946aee8f810d56922548a8b,12,1,12,0
5946a5f4f810d5692244ba77,8,2,9,0
5946a8f6f810d569224be42a,10,1,10,0
5946ad02f810d56922516f2d,13,1,13,0
5946ab36f810d569224fd571,6,2,8,0
5946ad0af810d5692251d6ae,10,1,11,0
5946a7a3f810d56922491613,6,2,8,0
5946aa03f810d569224e405e,6,1,8,0
5946a7a4f810d56922491a1b,6,1,8,0
5946a74af810d56922486cb4,5,1,8,0
5946aeebf810d5692254b544,8,4,10,0
5946a5f4f810d5692244b16a,9,4,10,0
5946b009f810d5692255bb44,9,3,10,0
5946a8e4f810d569224b7e13,7,3,8,0
5946aee9f810d56922549582,9,2,9,0
5946a790f810d5692248e89f,10,7,12,0
5946b009f810d5692255bb9d,9,3,9,0
5946acfff810d56922514480,8,2,8,0
5946aee8f810d56922548a50,12,1,12,0
5946ab35f810d569224fc311,6,1,8,0
5946ab35f810d569224fc550,6,3,9,0
5946ad07f810d5692251b277,10,1,10,0
5946aeebf810d5692254b16e,9,7,11,0
5946a61af810d5692244e836,5,2,8,0
5946ad0df810d56922520136,8,2,8,0
5946a5f4f810d5692244b2f4,8,3,9,0
5946ad07f810d5692251a7ce,9,1,10,0
5946aeedf810d5692254cebd,9,3,10,0
5946a7a3f810d56922490c43,6,1,8,0
5946a5f3f810d5692244a5db,9,2,9,0
5946ab34f810d569224fbfb3,6,3,9,0
5946acfef810d569225139c8,9,1,9,0
5946ad97f810d5692252dbd9,12,1,12,0
5946a5f9f810d5692244c3a5,6,3,8,0
5946a8fbf810d569224c2c70,10,1,11,0
5946a8b6f810d569224b2ab8,7,2,8,0
5946aa69f810d569224f1ff5,6,3,8,0
5946a8fbf810d569224c2013,11,1,12,0
5946a8f2f810d569224baa2b,11,1,11,0
5946a5f4f810d5692244ba70,9,2,10,0
5946a7a2f810d56922490a38,7,1,9,0
5946aee9f810d56922548f22,11,1,11,0
5946ab34f810d569224fbf75,6,3,8,0
5946a7a2f810d5692249077f,6,2,9,0
5946b008f810d5692255b64c,8,3,9,1
5946a791f810d5692248ebba,10,1,11,0
5946abdff810d569225076de,9,1,9,0
5946acfef810d56922513694,8,1,9,0
5946a8fcf810d569224c3432,10,4,11,0
5946aee8f810d569225482aa,11,3,11,0
5946a790f810d5692248e8e1,10,4,11,0
5946a8f7f810d569224bef84,10,1,10,0
5946ae92f810d5692253ea47,12,3,12,0
5946a8f4f810d569224bc54c,13,1,13,0
5946a8f3f810d569224bb26d,11,1,11,0
5946a6cef810d5692247047e,6,1,8,0
5946aef3f810d56922551921,10,1,10,0
5946ae92f810d5692253ea58,12,1,12,0
5946a5b3f810d5692243ff74,4,6,8,0
5946a8f6f810d569224bdcf8,11,2,12,0
5946a8fcf810d569224c3515,10,5,12,0
5946ab31f810d569224fbdac,6,2,8,0
5946a7a2f810d56922490182,6,1,8,0
5946a8f9f810d569224c0989,11,1,11,0
5946ab06f810d569224fa6c0,8,1,9,0
5946a7a2f810d5692249000b,5,2,8,0
5946acfef810d56922513838,8,3,8,0
5946aef1f810d56922550874,12,3,12,0
5946b00af810d5692255c85f,8,3,9,0
5946a8faf810d569224c17b9,10,1,11,0
5946a7b7f810d56922494b77,7,1,8,1
5946a8f5f810d569224bd6bc,8,3,8,0
5946b009f810d5692255bc6d,9,3,9,0
5946a5b3f810d569224403e3,4,5,8,0
5946a588f810d56922439811,5,1,8,0
5946a7a2f810d56922490886,6,3,9,0
5946a8e4f810d569224b7e20,7,1,8,0
5946a790f810d5692248e95e,7,8,8,1
5946a74af810d56922486ad2,5,1,8,0
5946b15ff810d56922565999,5,4,8,0
5946a7a3f810d56922490d0f,5,2,8,0
5946ad07f810d5692251a762,9,1,9,0
5946a906f810d569224c7958,10,1,11,0
5946a589f810d5692243aa32,6,1,8,0
5946a791f810d5692248eb7c,10,5,11,0
5946a7a3f810d56922490cf2,5,3,8,0
5946ab72f810d56922500630,6,1,8,0
5946ad0cf810d5692251f3d2,11,3,11,0
5946a7a2f810d56922490aaf,5,1,8,0
5946a7a2f810d569224907b4,6,2,9,0
5946ad98f810d5692252e670,9,1,10,0
5946a6bef810d5692246d3a7,6,2,8,0
5946aeebf810d5692254b160,8,5,10,0
5946a8f4f810d569224bc753,10,7,11,0
5946a7a2f810d569224909e0,7,1,9,0
5946aeb5f810d5692253fe3e,6,4,8,0
5946a5b3f810d56922440206,5,1,8,0
5946ad0ef810d5692252052d,10,3,10,0
5946a57cf810d5692243707c,6,2,8,0
5946a72df810d5692247f346,8,8,8,0
5946b00af810d5692255c893,8,6,9,0
5946a6cdf810d5692246fd37,6,2,8,0
5946a790f810d5692248e841,10,6,11,0
5946ab06f810d569224fa6b7,9,2,10,0
5946a8f4f810d569224bbc63,10,4,11,0
5946aee8f810d56922548223,11,1,11,0
5946aee8f810d5692254831f,12,1,12,0
5946a906f810d569224c740e,8,3,9,0
5946a5b4f810d56922440947,5,1,8,0
5946a7e9f810d5692249b1de,6,2,8,0
5946ad03f810d569225179e0,11,1,11,0
5946a62af810d56922450e79,7,2,9,0
5946a8f7f810d569224be689,10,1,10,0
5946aef2f810d56922550eba,8,2,9,0
5946abdff810d5692250737d,9,3,9,0
5946abb7f810d5692250459c,8,1,9,0
5946acfef810d569225135c7,11,1,11,0
5946aee8f810d5692254832e,12,1,12,0
5946abb7f810d56922504f2c,8,3,8,0
5946ad0ef810d5692252055c,13,1,13,0
5946a8f5f810d569224bd756,8,3,8,0
5946a8fff810d569224c5b48,9,1,10,0
5946af0af810d569225523e6,11,1,12,0
5946a5c5f810d56922442389,6,3,8,0
5946ad98f810d5692252eb60,11,1,12,0
5946ad0cf810d5692251ec29,9,3,10,0
5946a7a3f810d56922490d49,5,2,8,0
5946a6cef810d569224700bf,7,1,8,0
5946ad02f810d56922516bc0,9,6,10,0
5946a8f5f810d569224bd925,10,1,10,0
5946a5b4f810d56922440985,4,2,8,0
5946a6cef810d5692247041d,7,2,8,0
5946aeeaf810d56922549dbe,10,3,12,0
5946a5f3f810d5692244b012,9,4,10,0
5946ad08f810d5692251b436,10,1,10,0
5946abdff810d56922507780,8,1,8,0
5946a8faf810d569224c1b7a,11,4,12,0
5946a5b4f810d5692244099b,4,3,8,0
5946ad06f810d5692251a34e,10,1,11,0
5946acfef810d56922513980,8,7,9,0
5946b008f810d5692255b582,8,1,9,1
5946a7a2f810d56922490434,6,1,8,0
5946a5bcf810d56922441869,4,4,8,0
5946a5a5f810d5692243ddda,5,1,8,0
5946abdef810d5692250722c,9,1,9,0
5946a7a2f810d56922490951,6,5,9,0
5946ad97f810d5692252dbf6,11,1,11,0
5946a5b3f810d56922440406,6,2,8,0
5946a7b7f810d56922494470,7,5,8,1
5946b00af810d5692255c874,8,7,9,0
5946a7a3f810d569224915f6,6,2,8,0
5946ab2ff810d569224fbd48,5,1,8,0
5946abb6f810d56922503c38,8,1,8,0
5946a7a2f810d56922490976,6,1,9,0
5946ac9af810d5692250ddaf,11,1,11,0
5946a7a2f810d569224900f4,5,4,8,0
5946ad0ef810d569225206e0,12,1,12,0
5946a7a4f810d56922491816,6,3,8,0
5946ab34f810d569224fbf65,5,6,8,0
5946aeb5f810d56922540021,6,4,8,0
5946acb8f810d5692250eee0,8,5,9,0
5946ad0cf810d5692251ef5e,9,3,10,0
5946a89bf810d569224abcce,6,4,8,0
5946a8fbf810d569224c2ad3,10,6,11,0
5946a8fbf810d569224c2c00,10,1,11,0
5946aee8f810d56922548466,12,1,12,0
5946a62af810d56922450e77,6,2,8,0
5946ad25f810d5692252373c,9,1,9,0
5946ac2cf810d5692250a4af,10,1,10,0
5946a7a3f810d56922490c13,5,3,8,0
5946ab72f810d56922500631,6,2,8,0
5946a5f3f810d5692244a81f,9,4,10,0
5946ad06f810d56922519b1d,11,4,11,0
5946aee8f810d56922548a17,11,1,12,0
5946ad0bf810d5692251eaaf,9,1,9,0
5946a5f9f810d5692244c3a6,6,3,8,0
5946aef1f810d56922550845,7,3,8,0
5946ab35f810d569224fc5b0,5,5,8,0
5946a8fcf810d569224c3815,12,2,13,0
5946a775f810d5692248dbce,10,1,10,0
5946a8fff810d569224c5ca1,8,3,8,0
5946ab72f810d5692250089a,5,6,8,0
5946a7a3f810d56922490d3a,6,1,8,0
5946a5b3f810d569224402fa,4,7,8,0
5946b009f810d5692255bafb,10,1,10,0
5946ab06f810d569224fa67e,9,3,9,0
5946a791f810d5692248ea87,7,3,8,0
5946a7b8f810d569224950df,8,2,9,1
5946a797f810d5692248eee9,10,3,11,0
5946acfef810d56922513983,9,1,9,0
5946a5f9f810d5692244c3c8,7,2,8,0
5946ad04f810d569225184df,11,1,11,0
5946a8f4f810d569224bc874,13,1,13,0
5946a775f810d5692248dbe5,10,2,10,0
5946a8fcf810d569224c3415,10,1,11,0
5946b009f810d5692255be58,11,1,11,0
5946a775f810d5692248dbfb,9,1,10,0
5946a8f2f810d569224ba54b,10,3,10,0
5946a8f6f810d569224bd93f,8,1,8,0
5946ae29f810d5692253946f,7,4,8,0
5946a7a2f810d569224906c3,6,3,9,0
5946a7a2f810d56922490a03,6,1,8,0
5946a7b7f810d56922494646,8,4,9,1
5946a589f810d5692243aa42,6,2,8,0
5946b211f810d56922569e6c,8,1,9,0
5946a5b3f810d569224406aa,4,5,8,0
5946afeff810d569225599a8,8,5,9,0
5946a8b6f810d569224b2a10,8,1,8,0
5946a5b3f810d569224400b1,5,1,8,0
5946ad00f810d569225155b0,10,1,10,0
5946a8faf810d569224c1f55,11,1,12,0
5946ad0df810d569225204a7,10,2,11,0
5946a8f9f810d569224c0936,10,2,11,0
5946a797f810d5692248eefa,7,4,8,0
5946aee8f810d56922548333,12,1,12,0
5946a8f7f810d569224be67d,10,3,10,0
5946aeebf810d5692254b1af,9,6,11,0
5946ab34f810d569224fbf4d,7,1,9,0
5946a8f6f810d569224bdcc0,10,2,11,0
5946b15ff810d569225659e9,6,2,8,0
5946af01f810d56922552060,6,1,8,0
5946a7a2f810d569224907f3,6,3,8,0
5946a72df810d5692247f428,9,6,9,0
5946a8fbf810d569224c2d45,13,2,14,0
5946a8f5f810d569224bcc94,10,1,10,0
5946a7a2f810d56922490550,5,1,8,0
5946a8f2f810d569224ba9e9,11,1,11,0
5946a5f4f810d5692244b83e,8,3,10,0
5946ab06f810d569224fa6ae,8,3,9,0
5946aee8f810d56922548388,10,1,11,0
5946abdef810d56922506e69,9,3,9,0
5946aef2f810d56922550aeb,9,1,10,0
5946a8fcf810d569224c381a,11,1,12,0
5946a8fbf810d569224c20b6,11,1,12,0
5946aef2f810d56922550ba2,11,1,11,0
5946a61af810d5692244e843,6,1,8,0
5946a791f810d5692248ea82,6,8,8,0
5946ab35f810d569224fc569,7,2,9,0
5946ab34f810d569224fbf88,7,3,9,0
5946a634f810d56922451829,7,2,8,0
5946a8f5f810d569224bd293,10,3,10,0
5946a5f4f810d5692244b261,8,3,9,0
5946ab72f810d5692250045f,6,1,8,0
5946aee9f810d5692254960a,11,3,11,0
5946ad02f810d56922516e4f,8,1,9,0
5946aee6f810d56922546c7c,11,1,11,0
5946a8e4f810d569224b7d2a,13,1,14,0
5946aa1ef810d569224e82f8,9,1,9,0
5946b009f810d5692255bc68,9,3,9,0
5946a74af810d56922486d07,5,1,8,0
5946a5b3f810d569224405b4,4,6,8,0
5946ad04f810d56922517ff2,10,1,10,0
5946a791f810d5692248eb9b,10,5,11,0
5946acfef810d56922513837,8,1,8,0
5946a6bef810d5692246d444,6,2,8,0
5946a8faf810d569224c17af,9,4,10,0
5946ad0cf810d5692251eb7a,10,1,10,0
5946aeebf810d5692254aca5,9,2,10,0
5946a74af810d56922486a5a,4,2,8,0
5946a8fcf810d569224c3b0e,10,2,11,0
5946ad0ef810d5692252052b,11,1,11,0
5946a8f7f810d569224bf215,10,1,10,0
5946a8f5f810d569224bd71f,10,3,10,0
5946a797f810d5692248efad,7,3,8,0
5946aeeaf810d5692254a8f9,9,2,10,0
5946ad06f810d56922519ed6,12,1,12,0
5946a5f4f810d5692244b5f9,8,3,9,0
5946a7a3f810d56922490d45,5,2,8,0
5946aee9f810d56922548f32,11,1,11,0
5946aeb5f810d5692253fde2,7,1,8,0
5946ad06f810d5692251a3ed,9,8,10,0
5946a790f810d5692248e8bf,10,3,11,0
5946a8f5f810d569224bd7df,10,1,10,0
5946a5b3f810d569224402c0,5,3,8,0
5946a8fcf810d569224c340b,10,1,11,0
5946aa4ef810d569224efa6d,6,1,8,0
5946a93cf810d569224cbcee,6,3,8,0
5946a8fef810d569224c56cb,8,3,9,0
5946ad07f810d5692251a72f,9,2,10,0
5946b086f810d56922560877,7,2,9,0
5946ad0bf810d5692251e0fa,10,1,11,0
5946a5b4f810d56922440796,5,2,8,0
5946acfff810d569225144ac,8,3,9,0
5946ad07f810d5692251a7be,9,2,10,0
5946ab72f810d56922500517,6,1,8,0
5946b009f810d5692255bbc3,9,1,9,0
5946ad0df810d5692251f8ed,12,1,12,0
5946ad0af810d5692251d4ae,8,4,9,0
5946a5f3f810d5692244aada,8,13,9,0
5946ad03f810d56922517739,8,2,9,0
5946ad01f810d56922515dcd,8,2,8,0
5946a8e4f810d569224b7d25,14,1,14,0
5946a5b3f810d5692243ffba,4,3,8,0
5946ad05f810d56922519791,13,1,13,0
5946a5b3f810d56922440431,4,6,8,0
5946a8fcf810d569224c341d,10,1,11,0
5946a5b4f810d56922440787,4,5,8,0
5946ace3f810d56922512d7a,7,4,8,0
5946adedf810d56922535420,10,3,11,0
5946a790f810d5692248e84f,10,6,11,0
5946a797f810d5692248ef71,10,1,11,0
5946a7a2f810d5692249084c,5,3,8,0
5946a7a2f810d5692249074a,5,3,8,0
5946ad4ff810d56922527ee5,8,5,8,0
5946ad0cf810d5692251f346,10,2,10,0
5946a5f2f810d5692244a0ad,9,4,10,0
5946a5b3f810d56922440285,4,5,8,0
5946a8fdf810d569224c4b40,11,3,11,0
5946aee8f810d5692254835b,10,1,11,0
5946a5f3f810d5692244a75f,9,2,10,1
5946acfef810d56922513b1a,9,1,9,0
5946acfef810d569225137b5,9,1,9,0
5946a5f4f810d5692244b105,10,2,10,0
5946ad05f810d56922519510,12,1,12,0
5946a72df810d5692247f959,9,5,9,0
5946a797f810d5692248ef72,10,1,11,0
5946aef1f810d56922550781,10,1,10,0
5946ad05f810d56922519574,9,1,9,0
5946a5f3f810d5692244af4e,10,2,10,0
5946ab72f810d56922500757,5,4,8,0
5946abdff810d569225073c7,9,3,9,0
5946a8f3f810d569224bb26a,11,1,11,0
5946ad02f810d56922516821,11,3,11,0
5946a7a2f810d56922490773,6,3,8,0
5946aeeaf810d56922549cf0,12,1,13,0
5946a72df810d5692247f42d,9,9,9,0
5946aa71f810d569224f237a,6,1,8,0
5946a7a2f810d569224907a3,6,3,9,0
5946abb7f810d56922504335,7,1,8,0
5946acfef810d5692251395b,9,1,9,0
5946ad04f810d569225189bb,9,4,10,0
5946aaabf810d569224f5005,5,3,8,1
5946a5b4f810d56922440785,5,1,8,0
5946a5f4f810d5692244b423,9,2,10,0
5946ad07f810d5692251a6e1,9,1,10,0
5946a8faf810d569224c1cb8,11,1,12,0
5946a8fff810d569224c5aa2,9,2,9,0
5946ad03f810d56922517e37,11,1,11,0
5946a8fff810d569224c65cd,8,3,9,0
5946aeeaf810d5692254a8fb,10,1,10,0
5946b15ff810d56922565954,6,3,8,0
5946ae0cf810d56922536afc,11,1,11,0
5946a8f4f810d569224bc77a,10,7,11,0
5946a5b3f810d569224403c2,4,9,8,0
5946b15ff810d569225659cb,6,2,8,0
5946a790f810d5692248e89c,10,1,11,0
5946aec6f810d5692254427a,11,3,11,0
5946a5b3f810d569224401ee,4,5,8,0
5946ac43f810d5692250b1aa,5,3,8,0
5946a8f4f810d569224bc923,10,1,11,0
5946ab06f810d569224fa681,8,3,9,0
5946ab34f810d569224fbf42,7,3,9,0
5946ab72f810d569225005e8,6,2,8,0
5946aee8f810d56922548528,11,1,11,0
5946aee8f810d56922548ac3,12,1,12,0
5946ab35f810d569224fc340,7,1,8,0
5946aee6f810d56922546939,10,1,10,0
5946a8e4f810d569224b7d70,11,1,12,0
5946ad0ef810d56922520503,10,1,11,0
5946a7a2f810d569224909e6,5,6,8,0
5946aef2f810d56922551108,9,1,9,0
5946a6d4f810d56922471faa,7,2,8,0
5946ae57f810d5692253c99d,7,1,8,0
5946a865f810d569224aa068,6,1,8,0
5946aa90f810d569224f35ac,7,2,9,0
5946a988f810d569224d8d63,5,3,8,0
5946a8f2f810d569224ba65f,9,5,11,0
5946a8f4f810d569224bc80d,13,1,13,0
5946aeedf810d5692254ccb7,9,1,10,0
5946ad97f810d5692252dd1a,12,1,12,0
5946aec9f810d56922544750,11,1,11,0
5946ad0df810d5692251fae4,8,2,8,0
5946a8b6f810d569224b2ba0,8,1,9,1
5946a7a3f810d569224915a0,6,3,8,0
5946aeeaf810d56922549cae,9,2,10,0
5946a790f810d5692248e846,10,7,11,0
5946ab34f810d569224fbed8,6,3,9,0
5946ad9bf810d569225306c7,11,2,11,0
5946ad03f810d5692251777e,9,2,9,0
5946ad0af810d5692251d95b,11,1,11,0
5946a72ff810d569224808b7,9,1,9,0
5946a8fbf810d569224c2b17,8,8,9,0
5946a8f7f810d569224bebbe,11,3,11,0
5946ac43f810d5692250b1e4,5,3,8,0
5946ad02f810d56922516d74,8,1,8,0
5946ab72f810d569225005e9,6,2,8,0
5946b086f810d56922560887,7,3,9,0
5946ab35f810d569224fc1c9,6,1,8,0
5946a892f810d569224ab8f2,13,1,13,0
5946a5b3f810d5692244025d,4,6,8,0
5946ac2cf810d5692250a4a9,10,1,10,0
5946aca4f810d5692250e4c8,8,9,10,0
5946a5f2f810d56922449e31,8,2,8,0
5946ae92f810d5692253ea54,12,1,12,0
5946a8e4f810d569224b7caa,8,1,9,0
5946a8f4f810d569224bc184,12,1,12,0
5946a7a2f810d569224907b3,6,2,9,0
5946a7b7f810d569224944bd,9,3,10,1
5946ad0cf810d5692251f124,11,3,11,0
5946abdef810d56922506cd2,9,2,9,0
5946ae92f810d5692253ea57,12,1,12,0
5946a576f810d56922436338,10,1,10,0
5946a8fbf810d569224c2e26,10,7,11,0
5946b211f810d56922569dcb,8,1,9,0
5946acfef810d56922513978,8,1,8,0
5946a5b3f810d569224406ad,4,10,8,0
5946a7e9f810d5692249b1e8,5,5,8,0
5946af0af810d56922552416,9,1,9,0
5946a8f5f810d569224bd001,11,1,11,0
5946a5f3f810d5692244a4f8,9,3,9,0
5946ad08f810d5692251b56c,9,4,10,0
5946ab35f810d569224fc59e,7,2,8,0
5946ad0ef810d56922520731,8,1,8,0
5946a8f4f810d569224bc4fa,13,1,13,0
5946abdff810d569225073dd,9,2,9,0
5946a589f810d5692243aa40,6,2,8,0
5946a7a2f810d5692249058a,6,1,8,0
5946ad0bf810d5692251e81b,10,1,10,0
5946a8f7f810d569224be69b,11,1,11,0
5946a72ff810d56922480c0e,9,3,9,0
5946a8f4f810d569224bc183,12,1,12,0
5946abdff810d5692250733a,9,3,9,0
5946a8f9f810d569224c0f09,13,1,13,0
5946acfef810d569225137c9,8,1,8,0
5946ad0cf810d5692251f686,10,4,10,0
5946a8b6f810d569224b2b5d,9,1,9,0
5946adbbf810d5692253281c,6,3,8,0
5946a8f5f810d569224bd858,11,1,11,0
5946a791f810d5692248ea8e,7,1,8,0
5946a8f0f810d569224b894a,9,2,9,0
5946a790f810d5692248e8e8,12,1,12,0
5946acb8f810d5692250eecc,8,4,9,0
5946a5f3f810d5692244b00c,10,2,10,0
5946a7a4f810d56922491727,5,3,8,0
5946b130f810d56922564514,8,1,8,0
5946aec6f810d5692254379d,9,1,9,0
5946aee8f810d5692254840e,9,1,10,0
5946aae0f810d569224f858a,9,1,9,0
5946a7a2f810d56922490644,6,2,9,0
5946aeeaf810d5692254a461,10,1,11,0
5946acfef810d56922513768,8,2,8,0
5946af55f810d56922555377,9,1,9,0
5946a7a4f810d5692249179b,5,2,8,1
5946ad02f810d569225167ae,10,3,10,0
5946ab35f810d569224fc318,7,1,8,0
5946a635f810d5692245189c,6,1,8,0
5946aee8f810d569225489f5,11,4,12,0
5946abb6f810d56922503ee5,7,1,8,0
5946ac43f810d5692250b1cb,5,3,8,0
5946a8fdf810d569224c3c64,12,1,12,0
5946ad07f810d5692251a623,9,1,9,0
5946a5f3f810d5692244aa7d,8,6,9,0
5946aee8f810d569225489c2,12,1,12,0
5946a5f3f810d5692244aa43,7,12,8,0
5946ab35f810d569224fc414,7,2,9,0
5946a5f3f810d5692244b006,10,2,10,0
5946ad0cf810d5692251eb75,9,1,10,0
5946a5b3f810d569224404a9,4,3,8,0
5946abf5f810d56922508db4,10,1,10,0
5946aa00f810d569224e1c4d,6,1,8,0
5946a8f3f810d569224bb762,10,4,10,0
5946ad97f810d5692252dbd5,12,1,12,0
5946acfef810d5692251396b,9,1,9,0
5946a5b3f810d56922440432,5,3,8,0
5946a7b7f810d56922494447,7,4,8,1
5946aec5f810d569225434f9,10,1,10,0
5946ac2cf810d5692250a465,11,1,11,0
5946a988f810d569224d8d5e,5,3,8,0
5946abdff810d569225073dc,9,2,9,0
5946a8f7f810d569224be718,8,5,8,0
5946a8fcf810d569224c321e,10,2,11,0
5946a8fbf810d569224c2d20,11,7,12,0
5946ad07f810d5692251a77e,9,1,10,0
5946a8fff810d569224c5d2c,8,1,8,0
5946a587f810d569224390c8,6,2,8,0
5946aec6f810d56922543fc6,11,2,11,0
5946a8faf810d569224c19e0,10,1,11,0
5946ad03f810d56922517e29,14,1,14,0
5946a8f1f810d569224b9b55,9,2,9,0
5946a6d3f810d56922471f16,7,5,8,0
5946a6cdf810d5692246fca0,7,1,8,0
5946ad0cf810d5692251ecd6,10,1,10,0
5946a5a1f810d5692243d9fc,5,1,8,0
5946aef2f810d56922550b3b,9,3,10,0
5946a7b7f810d56922494473,7,8,8,1
5946b064f810d5692255f1e6,6,2,8,0
5946ad0af810d5692251d8c0,10,1,11,0
5946a5f4f810d5692244b165,10,2,10,0
5946a8fdf810d569224c3d1d,10,6,12,0
5946aeebf810d5692254b161,11,2,12,0
5946a8f5f810d569224bd04b,11,1,11,0
5946ab35f810d569224fc600,6,1,8,0
5946b009f810d5692255bae2,10,1,10,0
5946a5f4f810d5692244b377,9,3,10,0
5946ad02f810d56922516ff8,9,3,10,0
5946ad97f810d5692252deda,11,4,12,0
5946ad07f810d5692251a569,9,3,10,0
5946a790f810d5692248e8fc,10,1,10,0
5946a74bf810d56922486f36,5,1,8,0
5946acfef810d569225139a4,9,1,9,0
5946a587f810d56922438eec,7,1,8,0
5946a651f810d56922456fee,6,1,8,0
5946a7a3f810d5692249104b,6,1,8,0
5946aee8f810d569225487a8,12,1,12,0
5946a7a2f810d56922490942,6,1,8,0
5946abdff810d5692250738b,8,1,8,0
5946a5f2f810d569224499d2,6,3,8,0
5946a8f0f810d569224b8961,9,2,9,0
5946ad0df810d5692251fe36,9,1,9,0
5946aeedf810d5692254ccb2,10,1,10,0
5946a84af810d569224a4c83,11,1,11,0
5946ad03f810d5692251770e,8,1,8,0
5946aef2f810d56922550b4a,9,3,10,0
5946a71af810d5692247ab13,5,3,8,0
5946aa20f810d569224e8343,9,3,9,0
5946a6f2f810d56922474d3b,7,1,9,1
5946a5f4f810d5692244b75f,9,3,10,0
5946a5f3f810d5692244aac6,7,14,8,0
5946ab34f810d569224fbfaa,7,3,9,0
5946aee8f810d569225489f7,12,1,12,0
5946a797f810d5692248ef5c,10,4,11,0
5946b15ff810d569225657e5,6,1,8,0
5946ad05f810d569225197d4,12,1,12,0
