clique_id,numero_nodi,amicizie_mancanti,simmetrie_mancanti
5946a562f810d56922433679,8,0.0,11
5946a562f810d5692243367a,8,0.0,11
5946a567f810d569224339f5,8,0.0,10
5946a567f810d56922433a3a,8,0.0,10
5946a569f810d56922434a07,8,0.0,10
5946a569f810d56922434f26,8,0.0,10
5946a576f810d56922436261,10,0.0,12
5946a576f810d56922436262,10,0.0,12
5946a576f810d56922436276,12,0.0,9
5946a576f810d56922436336,10,0.0,1
5946a576f810d56922436338,10,0.0,3
5946a576f810d5692243634a,9,0.0,3
5946a57cf810d5692243703c,8,0.0,12
5946a57cf810d56922437043,8,0.0,13
5946a57cf810d56922437045,8,0.0,13
5946a57cf810d5692243704c,8,0.0,13
5946a57cf810d56922437050,8,0.0,12
5946a57cf810d5692243707c,8,0.0,16
5946a57cf810d56922437084,8,0.0,14
5946a582f810d56922438020,8,0.0,16
5946a582f810d5692243802c,8,0.0,15
5946a582f810d5692243802d,8,0.0,17
5946a587f810d56922438944,8,0.0,12
5946a587f810d56922438a4e,8,0.0,12
5946a587f810d56922438de7,8,0.0,7
5946a587f810d56922438e39,8,0.0,12
5946a587f810d56922438e4c,8,0.0,11
5946a587f810d56922438eec,8,0.0,12
5946a587f810d56922438f2a,8,0.0,12
5946a587f810d569224390c8,8,0.0,10
5946a587f810d569224390e0,8,0.0,12
5946a587f810d56922439210,8,0.0,12
5946a588f810d56922439811,8,0.0,12
5946a588f810d56922439868,8,0.0,12
5946a588f810d56922439869,8,0.0,12
5946a589f810d5692243a6db,8,0.0,15
5946a589f810d5692243aa1c,8,0.0,11
5946a589f810d5692243aa32,8,0.0,10
5946a589f810d5692243aa3a,8,0.0,13
5946a589f810d5692243aa40,8,0.0,12
5946a589f810d5692243aa42,8,0.0,12
5946a589f810d5692243aa55,8,0.0,13
5946a5a1f810d5692243d9fc,8,0.0,9
5946a5a5f810d5692243ddda,8,0.0,8
5946a5a5f810d5692243ddf7,8,0.0,7
5946a5a5f810d5692243dea1,8,0.0,14
5946a5adf810d5692243fa99,8,0.0,15
5946a5b3f810d5692243ff6f,8,0.0,13
5946a5b3f810d5692243ff71,8,0.0,11
5946a5b3f810d5692243ff74,8,0.0,17
5946a5b3f810d5692243ff75,8,0.0,15
5946a5b3f810d5692243ff76,8,0.0,18
5946a5b3f810d5692243ff77,8,0.0,16
5946a5b3f810d5692243ffa6,8,0.0,13
5946a5b3f810d5692243ffa9,8,0.0,14
5946a5b3f810d5692243ffb4,8,0.0,9
5946a5b3f810d5692243ffba,8,0.0,9
5946a5b3f810d569224400b1,8,0.0,8
5946a5b3f810d569224400b5,8,0.0,8
5946a5b3f810d569224400c6,8,0.0,5
5946a5b3f810d569224400d4,8,0.0,10
5946a5b3f810d569224400d7,8,0.0,11
5946a5b3f810d56922440100,8,0.0,11
5946a5b3f810d56922440104,8,0.0,11
5946a5b3f810d569224401ee,8,0.0,8
5946a5b3f810d56922440206,8,0.0,9
5946a5b3f810d56922440226,8,0.0,12
5946a5b3f810d56922440227,8,0.0,9
5946a5b3f810d56922440230,8,0.0,11
5946a5b3f810d56922440231,8,0.0,8
5946a5b3f810d5692244025d,8,0.0,11
5946a5b3f810d56922440262,8,0.0,11
5946a5b3f810d5692244027b,8,0.0,9
5946a5b3f810d56922440285,8,0.0,9
5946a5b3f810d5692244029c,8,0.0,11
5946a5b3f810d569224402a2,8,0.0,11
5946a5b3f810d569224402a6,8,0.0,11
5946a5b3f810d569224402a9,8,0.0,15
5946a5b3f810d569224402aa,8,0.0,16
5946a5b3f810d569224402b6,8,0.0,9
5946a5b3f810d569224402bb,8,0.0,9
5946a5b3f810d569224402be,8,0.0,13
5946a5b3f810d569224402c0,8,0.0,14
5946a5b3f810d569224402fa,8,0.0,10
5946a5b3f810d56922440330,8,0.0,16
5946a5b3f810d56922440331,8,0.0,14
5946a5b3f810d569224403b6,8,0.0,13
5946a5b3f810d569224403ba,8,0.0,13
5946a5b3f810d569224403bb,8,0.0,14
5946a5b3f810d569224403c2,8,0.0,13
5946a5b3f810d569224403c3,8,0.0,14
5946a5b3f810d569224403c4,8,0.0,11
5946a5b3f810d569224403c5,8,0.0,12
5946a5b3f810d569224403e3,8,0.0,13
5946a5b3f810d569224403e4,8,0.0,14
5946a5b3f810d56922440405,8,0.0,12
5946a5b3f810d56922440406,8,0.0,13
5946a5b3f810d5692244040e,8,0.0,13
5946a5b3f810d5692244040f,8,0.0,14
5946a5b3f810d56922440431,8,0.0,13
5946a5b3f810d56922440432,8,0.0,14
5946a5b3f810d569224404a9,8,0.0,9
5946a5b3f810d569224404ae,8,0.0,9
5946a5b3f810d569224404af,8,0.0,12
5946a5b3f810d569224404b0,8,0.0,12
5946a5b3f810d569224405b4,8,0.0,10
5946a5b3f810d569224405b6,8,0.0,10
5946a5b3f810d56922440656,8,0.0,11
5946a5b3f810d56922440658,8,0.0,15
5946a5b3f810d56922440662,8,0.0,11
5946a5b3f810d56922440666,8,0.0,11
5946a5b3f810d569224406aa,8,0.0,7
5946a5b3f810d569224406ac,8,0.0,7
5946a5b3f810d569224406ad,8,0.0,10
5946a5b3f810d56922440701,8,0.0,9
5946a5b3f810d56922440704,8,0.0,9
5946a5b4f810d56922440784,8,0.0,15
5946a5b4f810d56922440785,8,0.0,16
5946a5b4f810d56922440786,8,0.0,13
5946a5b4f810d56922440787,8,0.0,14
5946a5b4f810d56922440796,8,0.0,9
5946a5b4f810d56922440797,8,0.0,6
5946a5b4f810d5692244079a,8,0.0,8
5946a5b4f810d5692244079b,8,0.0,5
5946a5b4f810d5692244079d,8,0.0,10
5946a5b4f810d569224407d6,8,0.0,13
5946a5b4f810d569224407d7,8,0.0,11
5946a5b4f810d569224407d8,8,0.0,17
5946a5b4f810d569224407d9,8,0.0,15
5946a5b4f810d569224408ab,8,0.0,11
5946a5b4f810d56922440946,8,0.0,13
5946a5b4f810d56922440947,8,0.0,10
5946a5b4f810d56922440951,8,0.0,7
5946a5b4f810d56922440983,8,0.0,11
5946a5b4f810d56922440985,8,0.0,11
5946a5b4f810d5692244099a,8,0.0,6
5946a5b4f810d5692244099b,8,0.0,6
5946a5b4f810d569224409a2,8,0.0,11
5946a5b4f810d569224409a4,8,0.0,11
5946a5b4f810d569224409ad,8,0.0,11
5946a5b4f810d569224409ce,8,0.0,15
5946a5bcf810d56922441869,8,0.0,9
5946a5bcf810d56922441874,9,0.0,12
5946a5c5f810d56922442389,8,0.0,12
5946a5c5f810d5692244238d,8,0.0,9
5946a5c5f810d569224423bc,9,0.0,12
5946a5c5f810d569224423bd,9,0.0,10
5946a5c5f810d569224423c3,9,0.0,13
5946a5f2f810d5692244991b,8,0.0,0
5946a5f2f810d56922449983,9,0.0,1
5946a5f2f810d56922449994,9,0.0,9
5946a5f2f810d569224499cd,9,0.0,1
5946a5f2f810d569224499d2,8,0.0,1
5946a5f2f810d56922449e2b,8,0.0,2
5946a5f2f810d56922449e2c,8,0.0,3
5946a5f2f810d56922449e31,8,0.0,7
5946a5f2f810d56922449f38,8,0.0,2
5946a5f2f810d5692244a05a,8,0.0,7
5946a5f2f810d5692244a088,8,0.0,2
5946a5f2f810d5692244a08a,8,0.0,1
5946a5f2f810d5692244a09e,11,0.0,0
5946a5f2f810d5692244a0a0,10,0.0,1
5946a5f2f810d5692244a0a1,10,0.0,1
5946a5f2f810d5692244a0ad,10,0.0,0
5946a5f2f810d5692244a0af,10,0.0,0
5946a5f2f810d5692244a0c1,8,0.0,0
5946a5f2f810d5692244a0d0,10,0.0,9
5946a5f2f810d5692244a0d8,9,0.0,1
5946a5f2f810d5692244a0d9,9,0.0,0
5946a5f2f810d5692244a0ef,8,0.0,0
5946a5f2f810d5692244a0f6,8,0.0,0
5946a5f2f810d5692244a12c,8,0.0,0
5946a5f2f810d5692244a12e,8,0.0,0
5946a5f2f810d5692244a18b,9,0.0,8
5946a5f2f810d5692244a18f,9,0.0,8
5946a5f3f810d5692244a3e0,8,0.0,3
5946a5f3f810d5692244a3e8,9,0.0,3
5946a5f3f810d5692244a3ed,9,0.0,3
5946a5f3f810d5692244a40e,9,0.0,3
5946a5f3f810d5692244a496,9,0.0,1
5946a5f3f810d5692244a4f8,9,0.0,0
5946a5f3f810d5692244a4fa,9,0.0,0
5946a5f3f810d5692244a510,10,0.0,0
5946a5f3f810d5692244a514,10,0.0,0
5946a5f3f810d5692244a519,10,0.0,0
5946a5f3f810d5692244a529,10,0.0,0
5946a5f3f810d5692244a52e,10,0.0,0
5946a5f3f810d5692244a5b2,9,0.0,0
5946a5f3f810d5692244a5db,9,0.0,1
5946a5f3f810d5692244a639,9,0.0,9
5946a5f3f810d5692244a63d,9,0.0,7
5946a5f3f810d5692244a67f,9,0.0,6
5946a5f3f810d5692244a6be,9,0.0,9
5946a5f3f810d5692244a6d0,10,0.0,0
5946a5f3f810d5692244a706,10,0.0,0
5946a5f3f810d5692244a742,9,0.0,1
5946a5f3f810d5692244a747,10,0.0,0
5946a5f3f810d5692244a754,10,0.0,0
5946a5f3f810d5692244a75f,10,0.0,9
5946a5f3f810d5692244a760,10,0.0,9
5946a5f3f810d5692244a7e1,10,0.0,9
5946a5f3f810d5692244a81b,10,0.0,1
5946a5f3f810d5692244a81f,10,0.0,0
5946a5f3f810d5692244a8d6,8,0.0,7
5946a5f3f810d5692244a933,8,0.0,6
5946a5f3f810d5692244aa33,10,0.0,0
5946a5f3f810d5692244aa43,8,0.0,7
5946a5f3f810d5692244aa68,9,0.0,8
5946a5f3f810d5692244aa6d,9,0.0,0
5946a5f3f810d5692244aa7d,9,0.0,0
5946a5f3f810d5692244aac1,9,0.0,1
5946a5f3f810d5692244aac6,8,0.0,0
5946a5f3f810d5692244aac7,8,0.0,0
5946a5f3f810d5692244aada,9,0.0,7
5946a5f3f810d5692244aae0,9,0.0,0
5946a5f3f810d5692244ab12,8,0.0,7
5946a5f3f810d5692244abcc,9,0.0,1
5946a5f3f810d5692244abcd,9,0.0,0
5946a5f3f810d5692244abcf,9,0.0,0
5946a5f3f810d5692244abd1,9,0.0,0
5946a5f3f810d5692244acf1,11,0.0,0
5946a5f3f810d5692244ad81,10,0.0,0
5946a5f3f810d5692244ad85,8,0.0,0
5946a5f3f810d5692244ad89,9,0.0,1
5946a5f3f810d5692244ad8d,9,0.0,0
5946a5f3f810d5692244ad93,10,0.0,0
5946a5f3f810d5692244adbb,8,0.0,7
5946a5f3f810d5692244ae52,8,0.0,0
5946a5f3f810d5692244ae91,10,0.0,0
5946a5f3f810d5692244aebc,10,0.0,9
5946a5f3f810d5692244aed5,10,0.0,0
5946a5f3f810d5692244aed7,9,0.0,1
5946a5f3f810d5692244aed8,9,0.0,1
5946a5f3f810d5692244aee0,10,0.0,1
5946a5f3f810d5692244aee1,10,0.0,0
5946a5f3f810d5692244aef3,10,0.0,9
5946a5f3f810d5692244af2a,10,0.0,9
5946a5f3f810d5692244af3b,9,0.0,1
5946a5f3f810d5692244af4e,10,0.0,0
5946a5f3f810d5692244af80,9,0.0,0
5946a5f3f810d5692244afc7,9,0.0,0
5946a5f3f810d5692244aff7,10,0.0,1
5946a5f3f810d5692244b006,10,0.0,10
5946a5f3f810d5692244b00c,10,0.0,1
5946a5f3f810d5692244b012,10,0.0,9
5946a5f3f810d5692244b017,10,0.0,1
5946a5f3f810d5692244b01e,9,0.0,1
5946a5f3f810d5692244b02d,10,0.0,1
5946a5f3f810d5692244b02f,10,0.0,1
5946a5f3f810d5692244b033,10,0.0,0
5946a5f3f810d5692244b051,10,0.0,9
5946a5f3f810d5692244b058,10,0.0,0
5946a5f3f810d5692244b0c9,10,0.0,1
5946a5f4f810d5692244b0f3,10,0.0,0
5946a5f4f810d5692244b105,10,0.0,9
5946a5f4f810d5692244b10a,8,0.0,0
5946a5f4f810d5692244b115,10,0.0,0
5946a5f4f810d5692244b128,10,0.0,0
5946a5f4f810d5692244b14e,9,0.0,8
5946a5f4f810d5692244b152,10,0.0,9
5946a5f4f810d5692244b161,10,0.0,9
5946a5f4f810d5692244b163,10,0.0,1
5946a5f4f810d5692244b165,10,0.0,0
5946a5f4f810d5692244b16a,10,0.0,0
5946a5f4f810d5692244b261,9,0.0,0
5946a5f4f810d5692244b26b,9,0.0,0
5946a5f4f810d5692244b28c,10,0.0,1
5946a5f4f810d5692244b2e6,10,0.0,0
5946a5f4f810d5692244b2f4,9,0.0,9
5946a5f4f810d5692244b2f9,10,0.0,0
5946a5f4f810d5692244b362,9,0.0,1
5946a5f4f810d5692244b377,10,0.0,1
5946a5f4f810d5692244b387,9,0.0,1
5946a5f4f810d5692244b388,9,0.0,0
5946a5f4f810d5692244b396,10,0.0,1
5946a5f4f810d5692244b3b9,10,0.0,9
5946a5f4f810d5692244b3d5,10,0.0,0
5946a5f4f810d5692244b3dc,10,0.0,0
5946a5f4f810d5692244b419,10,0.0,9
5946a5f4f810d5692244b41f,10,0.0,0
5946a5f4f810d5692244b422,10,0.0,9
5946a5f4f810d5692244b423,10,0.0,1
5946a5f4f810d5692244b428,10,0.0,0
5946a5f4f810d5692244b455,11,0.0,8
5946a5f4f810d5692244b467,11,0.0,10
5946a5f4f810d5692244b469,10,0.0,1
5946a5f4f810d5692244b556,9,0.0,9
5946a5f4f810d5692244b55a,10,0.0,9
5946a5f4f810d5692244b577,10,0.0,1
5946a5f4f810d5692244b582,9,0.0,1
5946a5f4f810d5692244b59c,8,0.0,1
5946a5f4f810d5692244b5b3,10,0.0,1
5946a5f4f810d5692244b5e6,10,0.0,1
5946a5f4f810d5692244b5e7,10,0.0,0
5946a5f4f810d5692244b5f9,9,0.0,1
5946a5f4f810d5692244b633,10,0.0,0
5946a5f4f810d5692244b63c,10,0.0,1
5946a5f4f810d5692244b65b,10,0.0,0
5946a5f4f810d5692244b69b,9,0.0,8
5946a5f4f810d5692244b6a5,9,0.0,0
5946a5f4f810d5692244b6d4,9,0.0,9
5946a5f4f810d5692244b6db,9,0.0,1
5946a5f4f810d5692244b6eb,10,0.0,0
5946a5f4f810d5692244b75e,10,0.0,10
5946a5f4f810d5692244b75f,10,0.0,9
5946a5f4f810d5692244b79c,10,0.0,0
5946a5f4f810d5692244b79e,10,0.0,0
5946a5f4f810d5692244b7a9,9,0.0,1
5946a5f4f810d5692244b83c,10,0.0,9
5946a5f4f810d5692244b83e,10,0.0,0
5946a5f4f810d5692244b83f,10,0.0,9
5946a5f4f810d5692244b878,9,0.0,1
5946a5f4f810d5692244b9d8,10,0.0,1
5946a5f4f810d5692244b9d9,10,0.0,1
5946a5f4f810d5692244b9da,10,0.0,0
5946a5f4f810d5692244b9db,10,0.0,0
5946a5f4f810d5692244ba5e,9,0.0,1
5946a5f4f810d5692244ba6e,10,0.0,10
5946a5f4f810d5692244ba70,10,0.0,9
5946a5f4f810d5692244ba77,9,0.0,2
5946a5f4f810d5692244ba7d,9,0.0,1
5946a5f4f810d5692244ba81,10,0.0,0
5946a5f4f810d5692244ba96,8,0.0,7
5946a5f9f810d5692244c3a5,8,0.0,9
5946a5f9f810d5692244c3a6,8,0.0,7
5946a5f9f810d5692244c3a7,8,0.0,8
5946a5f9f810d5692244c3c8,8,0.0,10
5946a5f9f810d5692244c3cc,8,0.0,11
5946a5f9f810d5692244c3ce,8,0.0,11
5946a607f810d5692244d2f8,8,0.0,7
5946a61af810d5692244e836,8,0.0,9
5946a61af810d5692244e843,8,0.0,10
5946a62af810d56922450e77,8,0.0,10
5946a62af810d56922450e78,9,0.0,13
5946a62af810d56922450e79,9,0.0,13
5946a62af810d56922450e7c,8,0.0,11
5946a634f810d56922451825,8,0.0,0
5946a634f810d56922451827,8,0.0,0
5946a634f810d56922451829,8,0.0,0
5946a634f810d5692245182b,8,0.0,0
5946a635f810d5692245189c,8,0.0,9
5946a636f810d56922451ac1,8,0.0,9
5946a64df810d56922454d7e,8,0.0,15
5946a650f810d56922456931,8,0.0,11
5946a650f810d5692245696a,8,0.0,20
5946a650f810d56922456a7b,8,0.0,15
5946a650f810d56922456b73,8,0.0,20
5946a650f810d56922456c34,8,0.0,20
5946a650f810d56922456c89,8,0.0,20
5946a651f810d56922456ee8,8,0.0,15
5946a651f810d56922456fee,8,0.0,15
5946a651f810d56922457135,8,0.0,15
5946a675f810d56922460cd9,9,0.0,3
5946a675f810d56922460cda,9,0.0,2
5946a675f810d56922460ce4,9,0.0,4
5946a67bf810d56922461367,8,0.0,11
5946a67bf810d56922461368,8,0.0,11
5946a6a1f810d56922464820,9,0.0,17
5946a6a1f810d569224648d9,9,0.0,17
5946a6a1f810d56922464fa4,9,0.0,11
5946a6a1f810d56922464fa6,9,0.0,12
5946a6a2f810d56922465ccb,9,0.0,22
5946a6a3f810d56922466991,9,0.0,17
5946a6a4f810d56922467156,9,0.0,23
5946a6bef810d5692246d3a7,8,0.0,16
5946a6bef810d5692246d3db,8,0.0,16
5946a6bef810d5692246d444,8,0.0,16
5946a6bef810d5692246d462,8,0.0,14
5946a6cdf810d5692246fca0,8,0.0,17
5946a6cdf810d5692246fca1,8,0.0,15
5946a6cdf810d5692246fca2,8,0.0,17
5946a6cdf810d5692246fd37,8,0.0,16
5946a6cef810d5692246ffdf,8,0.0,17
5946a6cef810d56922470023,8,0.0,17
5946a6cef810d56922470024,8,0.0,15
5946a6cef810d56922470025,8,0.0,17
5946a6cef810d56922470088,8,0.0,15
5946a6cef810d56922470093,8,0.0,15
5946a6cef810d569224700bf,8,0.0,15
5946a6cef810d569224700e1,8,0.0,13
5946a6cef810d5692247041d,8,0.0,15
5946a6cef810d56922470421,8,0.0,15
5946a6cef810d56922470432,8,0.0,15
5946a6cef810d5692247045d,8,0.0,16
5946a6cef810d56922470473,8,0.0,15
5946a6cef810d56922470474,8,0.0,17
5946a6cef810d5692247047e,8,0.0,14
5946a6cef810d5692247047f,8,0.0,13
5946a6cef810d56922470480,8,0.0,15
5946a6cef810d569224704e9,8,0.0,16
5946a6d3f810d56922471f15,8,0.0,1
5946a6d3f810d56922471f16,8,0.0,0
5946a6d3f810d56922471f21,8,0.0,1
5946a6d3f810d56922471f2d,8,0.0,0
5946a6d3f810d56922471f58,8,0.0,0
5946a6d4f810d56922471fa4,8,0.0,2
5946a6d4f810d56922471faa,8,0.0,1
5946a6dbf810d56922473380,10,0.0,0
5946a6dbf810d5692247339a,9,0.0,0
5946a6e6f810d56922473f7a,9,0.0,1
5946a6e6f810d56922473f7b,9,0.0,0
5946a6f2f810d56922474d3b,9,1.0,22
5946a6f6f810d56922475481,8,0.0,11
5946a704f810d56922476466,8,0.0,12
5946a71af810d5692247ab00,8,0.0,11
5946a71af810d5692247ab13,8,0.0,10
5946a71af810d5692247ab15,8,0.0,9
5946a72bf810d5692247dd4c,8,0.0,7
5946a72cf810d5692247e1f4,8,0.0,17
5946a72cf810d5692247e271,10,0.0,17
5946a72df810d5692247f290,8,0.0,5
5946a72df810d5692247f346,8,0.0,10
5946a72df810d5692247f428,9,0.0,12
5946a72df810d5692247f42d,9,0.0,4
5946a72df810d5692247f959,9,0.0,4
5946a72df810d5692247f965,9,0.0,4
5946a72df810d5692247f96b,9,0.0,11
5946a72ef810d5692247f9ac,9,0.0,11
5946a72ef810d5692247fb62,8,0.0,17
5946a72ef810d5692247fb7b,10,0.0,30
5946a72ff810d569224808b7,9,0.0,13
5946a72ff810d569224808b9,9,0.0,17
5946a72ff810d56922480c03,9,0.0,15
5946a72ff810d56922480c0e,9,0.0,19
5946a72ff810d56922480d00,10,0.0,13
5946a74af810d5692248681c,8,0.0,9
5946a74af810d5692248682c,8,0.0,9
5946a74af810d5692248683a,8,0.0,9
5946a74af810d5692248688e,8,0.0,9
5946a74af810d56922486892,8,0.0,9
5946a74af810d5692248689b,8,0.0,9
5946a74af810d569224868a6,8,0.0,9
5946a74af810d569224868fd,8,0.0,8
5946a74af810d56922486901,8,0.0,9
5946a74af810d56922486903,8,0.0,9
5946a74af810d5692248693c,8,0.0,6
5946a74af810d5692248697b,8,0.0,9
5946a74af810d56922486a29,8,0.0,8
5946a74af810d56922486a5a,8,0.0,9
5946a74af810d56922486a98,8,0.0,9
5946a74af810d56922486ad2,8,0.0,9
5946a74af810d56922486afc,8,0.0,9
5946a74af810d56922486b96,8,0.0,7
5946a74af810d56922486bbe,8,0.0,9
5946a74af810d56922486bdb,8,0.0,9
5946a74af810d56922486bed,8,0.0,9
5946a74af810d56922486c55,8,0.0,9
5946a74af810d56922486c92,8,0.0,8
5946a74af810d56922486cb4,8,0.0,9
5946a74af810d56922486d03,8,0.0,9
5946a74af810d56922486d07,8,0.0,3
5946a74af810d56922486d17,8,0.0,9
5946a74af810d56922486e82,8,0.0,9
5946a74bf810d56922486efd,8,0.0,6
5946a74bf810d56922486f36,8,0.0,9
5946a74bf810d56922486f5d,8,0.0,9
5946a74bf810d56922486f73,8,0.0,9
5946a775f810d5692248db87,10,0.0,1
5946a775f810d5692248dbce,10,0.0,4
5946a775f810d5692248dbd2,10,0.0,4
5946a775f810d5692248dbd6,10,0.0,4
5946a775f810d5692248dbe5,10,0.0,2
5946a775f810d5692248dbfb,10,0.0,1
5946a790f810d5692248e7be,9,0.0,0
5946a790f810d5692248e7da,9,0.0,0
5946a790f810d5692248e7e1,10,0.0,3
5946a790f810d5692248e7e4,10,0.0,6
5946a790f810d5692248e812,8,0.0,3
5946a790f810d5692248e841,11,0.0,0
5946a790f810d5692248e846,11,0.0,4
5946a790f810d5692248e84f,11,0.0,1
5946a790f810d5692248e89a,11,0.0,2
5946a790f810d5692248e89c,11,0.0,1
5946a790f810d5692248e89f,12,0.0,1
5946a790f810d5692248e8b8,11,0.0,1
5946a790f810d5692248e8bf,11,0.0,6
5946a790f810d5692248e8e0,11,0.0,5
5946a790f810d5692248e8e1,11,0.0,5
5946a790f810d5692248e8e8,12,0.0,3
5946a790f810d5692248e8fc,10,0.0,0
5946a790f810d5692248e901,9,0.0,2
5946a790f810d5692248e917,10,0.0,0
5946a790f810d5692248e95d,8,1.0,8
5946a790f810d5692248e95e,8,1.0,7
5946a790f810d5692248e972,10,0.0,1
5946a790f810d5692248e985,9,0.0,0
5946a791f810d5692248ea7e,8,0.0,0
5946a791f810d5692248ea82,8,0.0,0
5946a791f810d5692248ea83,8,0.0,0
5946a791f810d5692248ea84,8,0.0,0
5946a791f810d5692248ea87,8,0.0,0
5946a791f810d5692248ea8b,8,0.0,1
5946a791f810d5692248ea8c,8,0.0,0
5946a791f810d5692248ea8d,8,0.0,0
5946a791f810d5692248ea8e,8,0.0,1
5946a791f810d5692248eb4d,9,1.0,14
5946a791f810d5692248eb55,9,1.0,14
5946a791f810d5692248eb6a,12,0.0,11
5946a791f810d5692248eb7b,11,0.0,13
5946a791f810d5692248eb7c,11,0.0,14
5946a791f810d5692248eb8b,12,0.0,11
5946a791f810d5692248eb9b,11,0.0,12
5946a791f810d5692248eb9c,11,0.0,13
5946a791f810d5692248ebba,11,0.0,13
5946a791f810d5692248ebbe,11,0.0,14
5946a791f810d5692248ebcc,12,0.0,13
5946a791f810d5692248ebce,12,0.0,13
5946a791f810d5692248ebe3,11,0.0,12
5946a797f810d5692248eee2,11,0.0,3
5946a797f810d5692248eee3,11,0.0,4
5946a797f810d5692248eee8,11,0.0,2
5946a797f810d5692248eee9,11,0.0,4
5946a797f810d5692248eef9,8,0.0,4
5946a797f810d5692248eefa,8,0.0,5
5946a797f810d5692248eeff,9,0.0,7
5946a797f810d5692248ef1e,11,0.0,1
5946a797f810d5692248ef20,11,0.0,1
5946a797f810d5692248ef25,10,0.0,2
5946a797f810d5692248ef26,10,0.0,1
5946a797f810d5692248ef2e,11,0.0,0
5946a797f810d5692248ef35,11,0.0,0
5946a797f810d5692248ef5c,11,0.0,3
5946a797f810d5692248ef5d,11,0.0,3
5946a797f810d5692248ef61,11,0.0,3
5946a797f810d5692248ef71,11,0.0,2
5946a797f810d5692248ef72,11,0.0,5
5946a797f810d5692248ef83,11,0.0,2
5946a797f810d5692248ef85,11,0.0,4
5946a797f810d5692248ef8b,11,0.0,6
5946a797f810d5692248ef93,9,0.0,1
5946a797f810d5692248ef9b,8,0.0,0
5946a797f810d5692248ef9c,8,0.0,1
5946a797f810d5692248ef9e,8,0.0,1
5946a797f810d5692248efad,8,0.0,1
5946a797f810d5692248efae,8,0.0,0
5946a797f810d5692248efbc,8,0.0,2
5946a797f810d5692248efbe,8,0.0,5
5946a7a2f810d5692249000b,8,0.0,10
5946a7a2f810d56922490026,8,0.0,10
5946a7a2f810d56922490027,8,0.0,10
5946a7a2f810d569224900dc,9,0.0,12
5946a7a2f810d569224900f4,8,0.0,9
5946a7a2f810d569224900f6,9,0.0,12
5946a7a2f810d56922490181,9,0.0,10
5946a7a2f810d56922490182,8,0.0,9
5946a7a2f810d5692249027c,8,0.0,9
5946a7a2f810d56922490433,8,0.0,8
5946a7a2f810d56922490434,8,0.0,7
5946a7a2f810d56922490484,8,0.0,9
5946a7a2f810d56922490486,8,0.0,10
5946a7a2f810d56922490543,8,0.0,10
5946a7a2f810d56922490544,8,0.0,9
5946a7a2f810d5692249054b,9,0.0,12
5946a7a2f810d5692249054c,9,0.0,10
5946a7a2f810d56922490550,8,0.0,10
5946a7a2f810d5692249056d,8,0.0,10
5946a7a2f810d56922490575,9,0.0,10
5946a7a2f810d56922490578,9,0.0,12
5946a7a2f810d56922490589,8,0.0,10
5946a7a2f810d5692249058a,8,0.0,8
5946a7a2f810d5692249059c,8,0.0,9
5946a7a2f810d5692249059f,9,0.0,12
5946a7a2f810d569224905a0,9,0.0,10
5946a7a2f810d569224905a2,9,0.0,12
5946a7a2f810d569224905a3,9,0.0,10
5946a7a2f810d569224905ab,9,0.0,10
5946a7a2f810d569224905bf,9,0.0,10
5946a7a2f810d569224905d8,8,0.0,10
5946a7a2f810d56922490600,9,0.0,12
5946a7a2f810d56922490601,9,0.0,10
5946a7a2f810d56922490643,9,0.0,12
5946a7a2f810d56922490644,9,0.0,10
5946a7a2f810d56922490657,9,0.0,9
5946a7a2f810d56922490699,8,0.0,10
5946a7a2f810d5692249069a,8,0.0,8
5946a7a2f810d569224906a3,9,0.0,12
5946a7a2f810d569224906a4,9,0.0,10
5946a7a2f810d569224906c3,9,0.0,12
5946a7a2f810d569224906c4,9,0.0,10
5946a7a2f810d569224906cc,9,0.0,10
5946a7a2f810d569224906cd,8,0.0,10
5946a7a2f810d569224906d4,9,0.0,6
5946a7a2f810d56922490711,9,0.0,10
5946a7a2f810d56922490742,9,0.0,10
5946a7a2f810d56922490749,8,0.0,6
5946a7a2f810d5692249074a,8,0.0,6
5946a7a2f810d56922490757,9,0.0,10
5946a7a2f810d5692249075b,9,0.0,10
5946a7a2f810d5692249075c,9,0.0,8
5946a7a2f810d5692249076d,8,0.0,10
5946a7a2f810d5692249076e,8,0.0,8
5946a7a2f810d56922490773,8,0.0,10
5946a7a2f810d56922490774,8,0.0,9
5946a7a2f810d5692249077e,9,0.0,12
5946a7a2f810d5692249077f,9,0.0,10
5946a7a2f810d569224907a3,9,0.0,12
5946a7a2f810d569224907a4,9,0.0,10
5946a7a2f810d569224907af,9,0.0,10
5946a7a2f810d569224907b0,9,0.0,12
5946a7a2f810d569224907b1,9,0.0,10
5946a7a2f810d569224907b3,9,0.0,12
5946a7a2f810d569224907b4,9,0.0,10
5946a7a2f810d569224907b8,9,0.0,10
5946a7a2f810d569224907c6,8,0.0,11
5946a7a2f810d569224907eb,8,0.0,8
5946a7a2f810d569224907f3,8,0.0,8
5946a7a2f810d56922490801,9,0.0,12
5946a7a2f810d56922490802,9,0.0,10
5946a7a2f810d56922490804,9,0.0,10
5946a7a2f810d5692249084b,8,0.0,10
5946a7a2f810d5692249084c,8,0.0,9
5946a7a2f810d56922490886,9,0.0,12
5946a7a2f810d56922490887,9,0.0,10
5946a7a2f810d569224908b4,8,0.0,8
5946a7a2f810d569224908c9,9,0.0,9
5946a7a2f810d569224908df,8,0.0,9
5946a7a2f810d569224908f2,9,0.0,10
5946a7a2f810d5692249090b,9,0.0,10
5946a7a2f810d5692249093a,8,0.0,10
5946a7a2f810d5692249093b,8,0.0,8
5946a7a2f810d56922490942,8,0.0,7
5946a7a2f810d56922490951,9,0.0,10
5946a7a2f810d5692249095c,9,0.0,12
5946a7a2f810d5692249095d,9,0.0,10
5946a7a2f810d56922490976,9,0.0,10
5946a7a2f810d56922490978,8,0.0,8
5946a7a2f810d56922490990,9,0.0,12
5946a7a2f810d56922490991,9,0.0,10
5946a7a2f810d569224909a4,9,0.0,10
5946a7a2f810d569224909df,9,0.0,12
5946a7a2f810d569224909e0,9,0.0,10
5946a7a2f810d569224909e2,9,0.0,12
5946a7a2f810d569224909e3,9,0.0,10
5946a7a2f810d569224909e6,8,0.0,9
5946a7a2f810d569224909f8,8,0.0,10
5946a7a2f810d56922490a03,8,0.0,8
5946a7a2f810d56922490a1c,9,0.0,10
5946a7a2f810d56922490a1f,9,0.0,10
5946a7a2f810d56922490a30,9,0.0,10
5946a7a2f810d56922490a32,9,0.0,12
5946a7a2f810d56922490a38,9,0.0,12
5946a7a2f810d56922490a39,9,0.0,10
5946a7a2f810d56922490a48,8,0.0,10
5946a7a2f810d56922490a49,8,0.0,9
5946a7a2f810d56922490aac,9,0.0,10
5946a7a2f810d56922490aaf,8,0.0,6
5946a7a3f810d56922490b88,8,0.0,9
5946a7a3f810d56922490bf2,8,0.0,9
5946a7a3f810d56922490bfc,8,0.0,9
5946a7a3f810d56922490bfd,8,0.0,9
5946a7a3f810d56922490c13,8,0.0,8
5946a7a3f810d56922490c3e,8,0.0,9
5946a7a3f810d56922490c43,8,0.0,9
5946a7a3f810d56922490cb9,8,0.0,9
5946a7a3f810d56922490cc1,8,0.0,9
5946a7a3f810d56922490cde,8,0.0,9
5946a7a3f810d56922490ce6,8,0.0,9
5946a7a3f810d56922490cf2,8,0.0,9
5946a7a3f810d56922490cf7,8,0.0,9
5946a7a3f810d56922490cf8,8,0.0,9
5946a7a3f810d56922490cfa,8,0.0,9
5946a7a3f810d56922490d03,8,0.0,9
5946a7a3f810d56922490d0f,8,0.0,9
5946a7a3f810d56922490d1c,8,0.0,9
5946a7a3f810d56922490d28,8,0.0,9
5946a7a3f810d56922490d2c,8,0.0,9
5946a7a3f810d56922490d3a,8,0.0,9
5946a7a3f810d56922490d3b,8,0.0,9
5946a7a3f810d56922490d44,8,0.0,9
5946a7a3f810d56922490d45,8,0.0,9
5946a7a3f810d56922490d49,8,0.0,9
5946a7a3f810d56922490d64,8,0.0,9
5946a7a3f810d56922490d70,8,0.0,5
5946a7a3f810d56922490d79,8,0.0,9
5946a7a3f810d5692249104b,8,0.0,10
5946a7a3f810d5692249104f,8,0.0,9
5946a7a3f810d569224910f1,8,0.0,10
5946a7a3f810d5692249110b,8,0.0,10
5946a7a3f810d5692249112e,8,0.0,9
5946a7a3f810d56922491132,8,0.0,9
5946a7a3f810d56922491134,8,0.0,10
5946a7a3f810d56922491176,8,0.0,10
5946a7a3f810d5692249118b,8,0.0,10
5946a7a3f810d5692249130d,8,0.0,5
5946a7a3f810d56922491317,8,0.0,10
5946a7a3f810d5692249154a,8,0.0,8
5946a7a3f810d56922491554,8,0.0,9
5946a7a3f810d56922491566,8,0.0,9
5946a7a3f810d5692249156b,8,0.0,9
5946a7a3f810d5692249156c,8,0.0,9
5946a7a3f810d56922491577,8,0.0,7
5946a7a3f810d569224915a0,8,0.0,9
5946a7a3f810d569224915a3,8,0.0,9
5946a7a3f810d569224915ac,8,0.0,9
5946a7a3f810d569224915c8,8,0.0,7
5946a7a3f810d569224915d4,8,0.0,9
5946a7a3f810d569224915df,8,0.0,9
5946a7a3f810d569224915e3,8,0.0,9
5946a7a3f810d569224915f6,8,0.0,9
5946a7a3f810d56922491613,8,0.0,9
5946a7a3f810d5692249164f,8,0.0,9
5946a7a3f810d5692249165c,8,0.0,9
5946a7a3f810d56922491682,8,0.0,9
5946a7a3f810d56922491683,8,0.0,9
5946a7a3f810d56922491699,8,0.0,9
5946a7a3f810d569224916a0,8,0.0,9
5946a7a3f810d569224916a3,8,0.0,9
5946a7a4f810d56922491727,8,0.0,6
5946a7a4f810d56922491733,8,0.0,10
5946a7a4f810d5692249179a,8,0.0,10
5946a7a4f810d5692249179b,8,1.0,15
5946a7a4f810d569224917a8,8,1.0,15
5946a7a4f810d569224917bb,8,0.0,10
5946a7a4f810d569224917bc,8,1.0,15
5946a7a4f810d569224917ca,8,0.0,10
5946a7a4f810d569224917ed,8,0.0,10
5946a7a4f810d56922491816,8,0.0,10
5946a7a4f810d56922491850,8,0.0,10
5946a7a4f810d56922491871,8,0.0,10
5946a7a4f810d569224919ca,8,0.0,10
5946a7a4f810d569224919d5,8,0.0,10
5946a7a4f810d569224919de,8,0.0,10
5946a7a4f810d569224919ea,8,0.0,10
5946a7a4f810d569224919ee,8,0.0,10
5946a7a4f810d569224919f3,8,0.0,10
5946a7a4f810d56922491a1b,8,0.0,10
5946a7b5f810d5692249412d,9,0.0,13
5946a7b7f810d56922494357,9,1.0,8
5946a7b7f810d5692249435a,9,1.0,7
5946a7b7f810d56922494406,9,1.0,9
5946a7b7f810d56922494447,8,1.0,6
5946a7b7f810d56922494470,8,1.0,12
5946a7b7f810d56922494471,8,1.0,14
5946a7b7f810d56922494473,8,1.0,13
5946a7b7f810d56922494475,10,1.0,11
5946a7b7f810d56922494483,10,1.0,16
5946a7b7f810d56922494486,8,1.0,12
5946a7b7f810d56922494489,9,1.0,7
5946a7b7f810d56922494492,8,1.0,6
5946a7b7f810d569224944b0,8,1.0,8
5946a7b7f810d569224944bd,10,1.0,16
5946a7b7f810d569224944e3,9,1.0,9
5946a7b7f810d56922494625,9,1.0,13
5946a7b7f810d56922494646,9,1.0,8
5946a7b7f810d56922494772,10,1.0,18
5946a7b7f810d569224949d2,9,1.0,14
5946a7b7f810d569224949d9,9,1.0,9
5946a7b7f810d569224949df,9,1.0,14
5946a7b7f810d56922494b77,8,1.0,6
5946a7b7f810d56922494b78,9,1.0,8
5946a7b7f810d56922494b7a,9,1.0,8
5946a7b7f810d56922494c00,9,1.0,8
5946a7b8f810d56922494fd2,9,1.0,8
5946a7b8f810d569224950cd,9,1.0,8
5946a7b8f810d569224950d4,9,1.0,8
5946a7b8f810d569224950df,9,1.0,9
5946a7b8f810d569224954da,8,1.0,7
5946a7b8f810d56922495646,9,1.0,8
5946a7b8f810d5692249565e,8,1.0,12
5946a7b8f810d569224956c1,10,1.0,19
5946a7b8f810d569224958ee,10,1.0,18
5946a7b8f810d569224958ef,9,1.0,8
5946a7b8f810d569224958f1,9,1.0,12
5946a7b8f810d569224958f6,8,1.0,8
5946a7b8f810d569224959c3,8,1.0,6
5946a7b8f810d56922495aab,9,1.0,8
5946a7b8f810d56922495aae,9,1.0,8
5946a7b8f810d56922495aaf,9,1.0,12
5946a7e9f810d5692249b1b3,8,0.0,11
5946a7e9f810d5692249b1d8,8,0.0,12
5946a7e9f810d5692249b1de,8,0.0,9
5946a7e9f810d5692249b1df,8,1.0,14
5946a7e9f810d5692249b1e1,8,0.0,8
5946a7e9f810d5692249b1e8,8,0.0,11
5946a802f810d5692249f9a9,8,0.0,12
5946a809f810d5692249fdae,8,0.0,12
5946a809f810d5692249fdb9,9,0.0,13
5946a818f810d569224a10e9,8,0.0,11
5946a818f810d569224a10ed,8,0.0,11
5946a84af810d569224a4c6b,11,0.0,2
5946a84af810d569224a4c7f,11,0.0,4
5946a84af810d569224a4c81,11,0.0,4
5946a84af810d569224a4c83,11,0.0,2
5946a84af810d569224a4cb6,10,0.0,1
5946a865f810d569224aa067,8,0.0,9
5946a865f810d569224aa068,8,0.0,10
5946a892f810d569224ab8db,11,0.0,4
5946a892f810d569224ab8ee,13,0.0,4
5946a892f810d569224ab8f2,13,0.0,5
5946a892f810d569224ab905,11,0.0,3
5946a892f810d569224ab907,11,0.0,4
5946a892f810d569224ab913,10,0.0,4
5946a89bf810d569224abccd,8,0.0,11
5946a89bf810d569224abcce,8,0.0,11
5946a8a3f810d569224ac465,8,0.0,11
5946a8b6f810d569224b2705,8,0.0,1
5946a8b6f810d569224b2706,8,0.0,3
5946a8b6f810d569224b28cc,9,1.0,8
5946a8b6f810d569224b28e6,8,0.0,1
5946a8b6f810d569224b292b,9,0.0,9
5946a8b6f810d569224b2934,8,0.0,7
5946a8b6f810d569224b2a10,8,0.0,7
5946a8b6f810d569224b2ab8,8,0.0,7
5946a8b6f810d569224b2b5d,9,0.0,8
5946a8b6f810d569224b2ba0,9,0.0,8
5946a8e4f810d569224b7c9b,9,0.0,4
5946a8e4f810d569224b7ca1,9,0.0,3
5946a8e4f810d569224b7caa,9,0.0,3
5946a8e4f810d569224b7cae,9,0.0,2
5946a8e4f810d569224b7d25,14,0.0,3
5946a8e4f810d569224b7d2a,14,0.0,3
5946a8e4f810d569224b7d2c,12,0.0,0
5946a8e4f810d569224b7d49,12,0.0,2
5946a8e4f810d569224b7d6a,12,0.0,4
5946a8e4f810d569224b7d70,12,0.0,6
5946a8e4f810d569224b7d76,12,0.0,6
5946a8e4f810d569224b7d7f,10,0.0,4
5946a8e4f810d569224b7da4,9,0.0,8
5946a8e4f810d569224b7dce,9,0.0,2
5946a8e4f810d569224b7df0,8,0.0,5
5946a8e4f810d569224b7e0f,9,0.0,2
5946a8e4f810d569224b7e13,8,0.0,3
5946a8e4f810d569224b7e1f,8,0.0,4
5946a8e4f810d569224b7e20,8,0.0,4
5946a8f0f810d569224b894a,9,0.0,1
5946a8f0f810d569224b8961,9,0.0,0
5946a8f0f810d569224b8bb9,8,0.0,3
5946a8f0f810d569224b8bbb,8,0.0,1
5946a8f1f810d569224b9368,10,0.0,20
5946a8f1f810d569224b958e,12,0.0,17
5946a8f1f810d569224b973c,13,0.0,30
5946a8f1f810d569224b975a,13,0.0,29
5946a8f1f810d569224b9805,9,0.0,3
5946a8f1f810d569224b9832,9,0.0,11
5946a8f1f810d569224b98d6,9,0.0,4
5946a8f1f810d569224b9b55,9,0.0,11
5946a8f1f810d569224b9e19,9,0.0,9
5946a8f2f810d569224ba4b0,8,0.0,2
5946a8f2f810d569224ba4b1,8,0.0,2
5946a8f2f810d569224ba4f8,11,0.0,22
5946a8f2f810d569224ba50e,11,0.0,24
5946a8f2f810d569224ba535,12,0.0,15
5946a8f2f810d569224ba54b,10,0.0,18
5946a8f2f810d569224ba597,11,0.0,17
5946a8f2f810d569224ba5db,11,0.0,18
5946a8f2f810d569224ba65f,11,0.0,15
5946a8f2f810d569224ba665,12,0.0,14
5946a8f2f810d569224ba804,11,0.0,15
5946a8f2f810d569224ba808,11,0.0,19
5946a8f2f810d569224ba869,12,0.0,15
5946a8f2f810d569224ba883,11,0.0,10
5946a8f2f810d569224ba9e9,11,0.0,19
5946a8f2f810d569224baa27,11,0.0,17
5946a8f2f810d569224baa2b,11,0.0,18
5946a8f3f810d569224bb0b0,11,0.0,15
5946a8f3f810d569224bb0b4,10,0.0,10
5946a8f3f810d569224bb26a,11,0.0,17
5946a8f3f810d569224bb26d,11,0.0,18
5946a8f3f810d569224bb26e,10,0.0,23
5946a8f3f810d569224bb489,11,0.0,17
5946a8f3f810d569224bb4d1,11,0.0,17
5946a8f3f810d569224bb4d7,10,0.0,23
5946a8f3f810d569224bb518,11,0.0,18
5946a8f3f810d569224bb762,10,0.0,19
5946a8f3f810d569224bb763,10,0.0,4
5946a8f3f810d569224bb78f,12,0.0,17
5946a8f3f810d569224bb954,12,0.0,2
5946a8f4f810d569224bbc5b,11,0.0,15
5946a8f4f810d569224bbc5d,11,0.0,10
5946a8f4f810d569224bbc63,11,0.0,14
5946a8f4f810d569224bbc65,11,0.0,18
5946a8f4f810d569224bbc67,11,0.0,14
5946a8f4f810d569224bbc69,11,0.0,10
5946a8f4f810d569224bbead,13,0.0,19
5946a8f4f810d569224bc0f6,11,0.0,17
5946a8f4f810d569224bc176,13,0.0,18
5946a8f4f810d569224bc17e,12,0.0,17
5946a8f4f810d569224bc183,12,0.0,25
5946a8f4f810d569224bc184,12,0.0,21
5946a8f4f810d569224bc29f,11,0.0,25
5946a8f4f810d569224bc420,14,0.0,14
5946a8f4f810d569224bc4fa,13,0.0,20
5946a8f4f810d569224bc506,13,0.0,27
5946a8f4f810d569224bc546,13,0.0,20
5946a8f4f810d569224bc54c,13,0.0,26
5946a8f4f810d569224bc580,13,0.0,20
5946a8f4f810d569224bc5e9,10,0.0,10
5946a8f4f810d569224bc5ec,12,0.0,16
5946a8f4f810d569224bc60d,11,0.0,0
5946a8f4f810d569224bc647,10,0.0,2
5946a8f4f810d569224bc660,13,0.0,0
5946a8f4f810d569224bc72a,12,0.0,1
5946a8f4f810d569224bc732,13,0.0,0
5946a8f4f810d569224bc73a,11,0.0,11
5946a8f4f810d569224bc753,11,0.0,1
5946a8f4f810d569224bc762,12,0.0,11
5946a8f4f810d569224bc77a,11,0.0,11
5946a8f4f810d569224bc77e,12,0.0,12
5946a8f4f810d569224bc798,11,0.0,3
5946a8f4f810d569224bc79a,11,0.0,0
5946a8f4f810d569224bc80d,13,0.0,19
5946a8f4f810d569224bc864,13,0.0,18
5946a8f4f810d569224bc874,13,0.0,18
5946a8f4f810d569224bc919,11,0.0,9
5946a8f4f810d569224bc91e,11,0.0,8
5946a8f4f810d569224bc922,11,0.0,10
5946a8f4f810d569224bc923,11,0.0,10
5946a8f4f810d569224bc92e,11,0.0,14
5946a8f4f810d569224bc9a1,9,0.0,2
5946a8f4f810d569224bc9a4,11,0.0,13
5946a8f4f810d569224bc9b4,11,0.0,15
5946a8f5f810d569224bcc21,13,0.0,23
5946a8f5f810d569224bcc4b,13,0.0,23
5946a8f5f810d569224bcc54,11,0.0,21
5946a8f5f810d569224bcc65,11,0.0,0
5946a8f5f810d569224bcc94,10,0.0,11
5946a8f5f810d569224bccae,11,0.0,2
5946a8f5f810d569224bcfb8,11,0.0,12
5946a8f5f810d569224bcfe1,11,0.0,3
5946a8f5f810d569224bd001,11,0.0,2
5946a8f5f810d569224bd00c,11,0.0,11
5946a8f5f810d569224bd04b,11,0.0,12
5946a8f5f810d569224bd04c,11,0.0,12
5946a8f5f810d569224bd055,11,0.0,12
5946a8f5f810d569224bd0a0,13,0.0,17
5946a8f5f810d569224bd0a2,12,0.0,16
5946a8f5f810d569224bd19e,8,0.0,4
5946a8f5f810d569224bd20b,11,0.0,20
5946a8f5f810d569224bd22c,11,0.0,27
5946a8f5f810d569224bd293,10,0.0,18
5946a8f5f810d569224bd5c8,8,0.0,0
5946a8f5f810d569224bd5e3,8,0.0,0
5946a8f5f810d569224bd5ef,10,0.0,9
5946a8f5f810d569224bd5f0,10,0.0,9
5946a8f5f810d569224bd5f4,8,0.0,0
5946a8f5f810d569224bd618,10,0.0,8
5946a8f5f810d569224bd666,8,0.0,0
5946a8f5f810d569224bd681,8,0.0,0
5946a8f5f810d569224bd6bc,8,0.0,0
5946a8f5f810d569224bd6d1,9,0.0,0
5946a8f5f810d569224bd70b,8,0.0,0
5946a8f5f810d569224bd71f,10,0.0,2
5946a8f5f810d569224bd724,8,0.0,0
5946a8f5f810d569224bd736,10,0.0,7
5946a8f5f810d569224bd756,8,0.0,0
5946a8f5f810d569224bd7b2,10,0.0,10
5946a8f5f810d569224bd7b3,10,0.0,9
5946a8f5f810d569224bd7b4,10,0.0,9
5946a8f5f810d569224bd7d7,10,0.0,1
5946a8f5f810d569224bd7d9,10,0.0,0
5946a8f5f810d569224bd7df,10,0.0,0
5946a8f5f810d569224bd858,11,0.0,3
5946a8f5f810d569224bd8d7,8,0.0,7
5946a8f5f810d569224bd8e7,8,0.0,0
5946a8f5f810d569224bd8eb,10,0.0,2
5946a8f5f810d569224bd8f5,8,0.0,0
5946a8f5f810d569224bd924,10,0.0,1
5946a8f5f810d569224bd925,10,0.0,1
5946a8f6f810d569224bd93f,8,0.0,0
5946a8f6f810d569224bd941,8,0.0,0
5946a8f6f810d569224bdc09,12,0.0,15
5946a8f6f810d569224bdcc0,11,0.0,17
5946a8f6f810d569224bdce1,11,0.0,13
5946a8f6f810d569224bdce3,11,0.0,16
5946a8f6f810d569224bdcf6,12,0.0,14
5946a8f6f810d569224bdcf8,12,0.0,18
5946a8f6f810d569224be2e5,11,0.0,8
5946a8f6f810d569224be2e7,11,0.0,8
5946a8f6f810d569224be42a,10,0.0,20
5946a8f6f810d569224be5fa,11,0.0,26
5946a8f7f810d569224be63b,11,0.0,9
5946a8f7f810d569224be645,11,0.0,28
5946a8f7f810d569224be671,11,0.0,17
5946a8f7f810d569224be67d,10,0.0,20
5946a8f7f810d569224be689,10,0.0,20
5946a8f7f810d569224be69b,11,0.0,17
5946a8f7f810d569224be6a5,8,0.0,7
5946a8f7f810d569224be717,8,0.0,8
5946a8f7f810d569224be718,8,0.0,9
5946a8f7f810d569224be98e,9,0.0,13
5946a8f7f810d569224beb97,11,0.0,23
5946a8f7f810d569224bebba,11,0.0,28
5946a8f7f810d569224bebbc,11,0.0,23
5946a8f7f810d569224bebbe,11,0.0,28
5946a8f7f810d569224beca3,8,0.0,11
5946a8f7f810d569224bedb9,9,0.0,13
5946a8f7f810d569224bedbd,10,0.0,18
5946a8f7f810d569224beddb,8,0.0,16
5946a8f7f810d569224bee56,10,0.0,18
5946a8f7f810d569224bee88,10,0.0,18
5946a8f7f810d569224beeba,9,0.0,11
5946a8f7f810d569224bef84,10,0.0,17
5946a8f7f810d569224bf215,10,0.0,25
5946a8f7f810d569224bf22e,10,0.0,25
5946a8f8f810d569224bf4f5,8,0.0,0
5946a8f8f810d569224bf586,12,0.0,11
5946a8f8f810d569224bfd16,11,0.0,11
5946a8f8f810d569224bfda4,11,0.0,12
5946a8f8f810d569224bfda7,11,0.0,14
5946a8f8f810d569224c0094,12,0.0,18
5946a8f8f810d569224c00c5,11,0.0,3
5946a8f8f810d569224c00c7,11,0.0,3
5946a8f9f810d569224c0936,11,0.0,3
5946a8f9f810d569224c0989,11,0.0,23
5946a8f9f810d569224c09f1,11,0.0,26
5946a8f9f810d569224c0b4e,11,0.0,26
5946a8f9f810d569224c0f08,13,0.0,2
5946a8f9f810d569224c0f09,13,0.0,0
5946a8faf810d569224c11a5,10,0.0,12
5946a8faf810d569224c11a6,10,0.0,11
5946a8faf810d569224c11d4,11,0.0,5
5946a8faf810d569224c11d5,11,0.0,5
5946a8faf810d569224c11d8,11,0.0,7
5946a8faf810d569224c11d9,11,0.0,6
5946a8faf810d569224c16c6,11,0.0,11
5946a8faf810d569224c16cc,11,0.0,12
5946a8faf810d569224c17af,10,0.0,10
5946a8faf810d569224c17b9,11,0.0,11
5946a8faf810d569224c1870,11,0.0,10
5946a8faf810d569224c1887,11,0.0,13
5946a8faf810d569224c18c4,11,0.0,16
5946a8faf810d569224c18f1,11,0.0,3
5946a8faf810d569224c1906,11,0.0,13
5946a8faf810d569224c19e0,11,0.0,16
5946a8faf810d569224c1a1e,11,0.0,16
5946a8faf810d569224c1b7a,12,0.0,2
5946a8faf810d569224c1cb2,11,0.0,10
5946a8faf810d569224c1cb8,12,0.0,9
5946a8faf810d569224c1cba,12,0.0,18
5946a8faf810d569224c1cbf,12,0.0,12
5946a8faf810d569224c1eea,12,0.0,24
5946a8faf810d569224c1eeb,12,0.0,19
5946a8faf810d569224c1f15,13,0.0,26
5946a8faf810d569224c1f1a,13,0.0,25
5946a8faf810d569224c1f55,12,0.0,16
5946a8faf810d569224c1f57,12,0.0,19
5946a8faf810d569224c1ffb,12,0.0,27
5946a8fbf810d569224c2013,12,0.0,27
5946a8fbf810d569224c2014,12,0.0,29
5946a8fbf810d569224c2015,12,0.0,27
5946a8fbf810d569224c2016,12,0.0,29
5946a8fbf810d569224c201a,12,0.0,21
5946a8fbf810d569224c2058,12,0.0,29
5946a8fbf810d569224c20b6,12,0.0,27
5946a8fbf810d569224c20b7,12,0.0,29
5946a8fbf810d569224c20b8,12,0.0,18
5946a8fbf810d569224c20d7,14,0.0,13
5946a8fbf810d569224c20e3,12,0.0,18
5946a8fbf810d569224c23e2,11,0.0,18
5946a8fbf810d569224c2447,11,0.0,18
5946a8fbf810d569224c247f,11,0.0,17
5946a8fbf810d569224c24c4,14,0.0,14
5946a8fbf810d569224c24d1,14,0.0,18
5946a8fbf810d569224c24d3,14,0.0,14
5946a8fbf810d569224c2aa9,11,0.0,3
5946a8fbf810d569224c2ad3,11,0.0,10
5946a8fbf810d569224c2b17,9,0.0,0
5946a8fbf810d569224c2bcc,11,0.0,9
5946a8fbf810d569224c2be7,11,0.0,11
5946a8fbf810d569224c2c00,11,0.0,2
5946a8fbf810d569224c2c35,11,0.0,2
5946a8fbf810d569224c2c70,11,0.0,10
5946a8fbf810d569224c2c80,11,0.0,12
5946a8fbf810d569224c2cf3,13,0.0,17
5946a8fbf810d569224c2d20,12,0.0,0
5946a8fbf810d569224c2d23,12,0.0,2
5946a8fbf810d569224c2d34,14,0.0,17
5946a8fbf810d569224c2d45,14,0.0,17
5946a8fbf810d569224c2d46,14,0.0,13
5946a8fbf810d569224c2e0c,11,0.0,9
5946a8fbf810d569224c2e24,11,0.0,4
5946a8fbf810d569224c2e26,11,0.0,6
5946a8fcf810d569224c2f4c,13,0.0,23
5946a8fcf810d569224c31d6,12,0.0,8
5946a8fcf810d569224c31da,11,0.0,6
5946a8fcf810d569224c31dd,12,0.0,10
5946a8fcf810d569224c321b,11,0.0,3
5946a8fcf810d569224c321e,11,0.0,3
5946a8fcf810d569224c3328,11,0.0,12
5946a8fcf810d569224c332a,11,0.0,15
5946a8fcf810d569224c340a,11,0.0,9
5946a8fcf810d569224c340b,11,0.0,12
5946a8fcf810d569224c3415,11,0.0,2
5946a8fcf810d569224c341b,11,0.0,15
5946a8fcf810d569224c341d,11,0.0,15
5946a8fcf810d569224c3432,11,0.0,12
5946a8fcf810d569224c3437,11,0.0,15
5946a8fcf810d569224c3515,12,0.0,32
5946a8fcf810d569224c3815,13,0.0,12
5946a8fcf810d569224c381a,12,0.0,17
5946a8fcf810d569224c3820,12,0.0,20
5946a8fcf810d569224c3952,12,0.0,20
5946a8fcf810d569224c3953,12,0.0,12
5946a8fcf810d569224c3a26,10,0.0,20
5946a8fcf810d569224c3b0e,11,0.0,26
5946a8fcf810d569224c3b24,11,0.0,27
5946a8fcf810d569224c3b4d,11,0.0,26
5946a8fcf810d569224c3b4f,12,0.0,34
5946a8fcf810d569224c3c37,12,0.0,33
5946a8fdf810d569224c3c64,12,0.0,34
5946a8fdf810d569224c3d1b,12,0.0,31
5946a8fdf810d569224c3d1d,12,0.0,32
5946a8fdf810d569224c3d24,12,0.0,29
5946a8fdf810d569224c3d64,12,0.0,31
5946a8fdf810d569224c3d8d,11,0.0,10
5946a8fdf810d569224c3ff0,12,0.0,14
5946a8fdf810d569224c42b2,11,0.0,1
5946a8fdf810d569224c42b3,11,0.0,2
5946a8fdf810d569224c4a95,10,0.0,10
5946a8fdf810d569224c4b40,11,0.0,26
5946a8fef810d569224c4bae,9,0.0,2
5946a8fef810d569224c500e,8,0.0,15
5946a8fef810d569224c5197,9,0.0,3
5946a8fef810d569224c56cb,9,0.0,9
5946a8fff810d569224c5a76,9,0.0,9
5946a8fff810d569224c5aa2,9,0.0,7
5946a8fff810d569224c5b48,10,0.0,11
5946a8fff810d569224c5bb1,12,0.0,1
5946a8fff810d569224c5bcb,10,0.0,1
5946a8fff810d569224c5bcf,10,0.0,2
5946a8fff810d569224c5bef,12,0.0,1
5946a8fff810d569224c5bf4,10,0.0,1
5946a8fff810d569224c5bf6,11,0.0,3
5946a8fff810d569224c5c3e,9,0.0,9
5946a8fff810d569224c5c7d,9,0.0,0
5946a8fff810d569224c5c99,9,0.0,8
5946a8fff810d569224c5c9a,9,0.0,9
5946a8fff810d569224c5c9d,9,0.0,8
5946a8fff810d569224c5ca1,8,0.0,0
5946a8fff810d569224c5caf,9,0.0,0
5946a8fff810d569224c5cc7,9,0.0,7
5946a8fff810d569224c5cc9,9,0.0,0
5946a8fff810d569224c5ccd,9,0.0,0
5946a8fff810d569224c5cfd,8,0.0,8
5946a8fff810d569224c5d2b,8,0.0,8
5946a8fff810d569224c5d2c,8,0.0,8
5946a8fff810d569224c5d58,8,0.0,1
5946a8fff810d569224c5d73,8,0.0,1
5946a8fff810d569224c6382,9,0.0,0
5946a8fff810d569224c6389,8,0.0,7
5946a8fff810d569224c65cd,9,0.0,8
5946a8fff810d569224c65e7,9,0.0,1
5946a8fff810d569224c65ec,9,0.0,8
5946a8fff810d569224c65fc,9,0.0,0
5946a8fff810d569224c6601,9,0.0,7
5946a8fff810d569224c662c,8,0.0,8
5946a8fff810d569224c6646,8,0.0,8
5946a8fff810d569224c66d7,9,0.0,0
5946a906f810d569224c740e,9,0.0,8
5946a906f810d569224c75a3,11,0.0,10
5946a906f810d569224c774c,9,0.0,15
5946a906f810d569224c774d,9,0.0,19
5946a906f810d569224c7958,11,0.0,10
5946a906f810d569224c7ab0,8,0.0,17
5946a92cf810d569224caf09,9,0.0,0
5946a92cf810d569224caf0a,9,0.0,0
5946a93cf810d569224cbcee,8,0.0,9
5946a94ef810d569224cd8c9,8,0.0,11
5946a988f810d569224d8d5e,8,0.0,11
5946a988f810d569224d8d63,8,0.0,11
5946aa00f810d569224e1c31,8,0.0,11
5946aa00f810d569224e1c38,8,0.0,11
5946aa00f810d569224e1c4a,8,0.0,11
5946aa00f810d569224e1c4d,8,0.0,11
5946aa00f810d569224e1d94,8,0.0,10
5946aa00f810d569224e1eb3,8,0.0,8
5946aa01f810d569224e2623,8,0.0,10
5946aa03f810d569224e4032,8,0.0,9
5946aa03f810d569224e4041,8,0.0,9
5946aa03f810d569224e405b,8,0.0,9
5946aa03f810d569224e405e,8,0.0,9
5946aa03f810d569224e4065,8,0.0,9
5946aa03f810d569224e4067,8,0.0,9
5946aa03f810d569224e407f,8,0.0,9
5946aa04f810d569224e431c,8,0.0,10
5946aa04f810d569224e45be,8,0.0,10
5946aa04f810d569224e45cb,8,0.0,10
5946aa04f810d569224e46b5,8,0.0,10
5946aa05f810d569224e4a56,8,0.0,10
5946aa05f810d569224e4c69,8,0.0,10
5946aa05f810d569224e4deb,8,0.0,10
5946aa1ef810d569224e82dc,9,0.0,0
5946aa1ef810d569224e82f8,9,0.0,1
5946aa1ef810d569224e82fb,9,0.0,1
5946aa20f810d569224e8339,9,0.0,0
5946aa20f810d569224e8343,9,0.0,0
5946aa4ef810d569224efa6a,8,0.0,11
5946aa4ef810d569224efa6d,8,0.0,12
5946aa4ef810d569224efa6f,8,0.0,12
5946aa69f810d569224f1ff5,8,0.0,11
5946aa6af810d569224f20f8,8,0.0,12
5946aa71f810d569224f237a,8,0.0,11
5946aa78f810d569224f26b0,8,0.0,1
5946aa81f810d569224f2b84,8,0.0,12
5946aa81f810d569224f2b87,9,0.0,13
5946aa81f810d569224f2b88,8,0.0,11
5946aa90f810d569224f35ac,9,0.0,13
5946aaabf810d569224f4fd0,8,0.0,12
5946aaabf810d569224f4fd1,8,1.0,17
5946aaabf810d569224f4fe9,8,0.0,12
5946aaabf810d569224f5004,8,0.0,12
5946aaabf810d569224f5005,8,1.0,17
5946aaabf810d569224f500d,8,1.0,17
5946aaabf810d569224f501d,8,0.0,12
5946aabef810d569224f6398,8,0.0,9
5946aac0f810d569224f6559,10,0.0,10
5946aac0f810d569224f656e,10,0.0,10
5946aac0f810d569224f656f,10,0.0,11
5946aae0f810d569224f858a,9,0.0,0
5946aaf4f810d569224f99b2,8,0.0,6
5946ab06f810d569224fa67d,9,0.0,1
5946ab06f810d569224fa67e,9,0.0,0
5946ab06f810d569224fa681,9,0.0,1
5946ab06f810d569224fa682,9,0.0,0
5946ab06f810d569224fa6ae,9,0.0,0
5946ab06f810d569224fa6b7,10,0.0,0
5946ab06f810d569224fa6c0,9,0.0,0
5946ab06f810d569224fa71b,10,0.0,1
5946ab06f810d569224fa72f,9,0.0,0
5946ab2ff810d569224fbd42,8,0.0,12
5946ab2ff810d569224fbd47,8,0.0,11
5946ab2ff810d569224fbd48,8,0.0,11
5946ab31f810d569224fbdab,8,0.0,11
5946ab31f810d569224fbdac,8,0.0,11
5946ab34f810d569224fbed6,8,0.0,10
5946ab34f810d569224fbed8,9,0.0,10
5946ab34f810d569224fbee6,8,0.0,12
5946ab34f810d569224fbeef,9,0.0,13
5946ab34f810d569224fbf1e,9,0.0,13
5946ab34f810d569224fbf20,8,0.0,11
5946ab34f810d569224fbf21,9,0.0,13
5946ab34f810d569224fbf26,9,0.0,13
5946ab34f810d569224fbf2c,9,0.0,13
5946ab34f810d569224fbf31,9,0.0,13
5946ab34f810d569224fbf39,8,0.0,9
5946ab34f810d569224fbf42,9,0.0,12
5946ab34f810d569224fbf45,8,0.0,11
5946ab34f810d569224fbf49,9,0.0,13
5946ab34f810d569224fbf4d,9,0.0,13
5946ab34f810d569224fbf52,9,0.0,13
5946ab34f810d569224fbf57,9,0.0,13
5946ab34f810d569224fbf65,8,0.0,11
5946ab34f810d569224fbf75,8,0.0,11
5946ab34f810d569224fbf77,9,0.0,13
5946ab34f810d569224fbf80,9,0.0,13
5946ab34f810d569224fbf81,9,0.0,13
5946ab34f810d569224fbf88,9,0.0,13
5946ab34f810d569224fbf90,9,0.0,13
5946ab34f810d569224fbf92,8,0.0,11
5946ab34f810d569224fbf9a,9,0.0,13
5946ab34f810d569224fbf9d,9,0.0,13
5946ab34f810d569224fbfa6,9,0.0,13
5946ab34f810d569224fbfaa,9,0.0,13
5946ab34f810d569224fbfac,9,0.0,13
5946ab34f810d569224fbfb3,9,0.0,13
5946ab34f810d569224fbfb4,9,0.0,13
5946ab34f810d569224fbfba,8,0.0,11
5946ab34f810d569224fbfca,8,0.0,11
5946ab35f810d569224fc1c9,8,0.0,12
5946ab35f810d569224fc1e9,8,0.0,12
5946ab35f810d569224fc1f3,8,0.0,11
5946ab35f810d569224fc22c,8,0.0,10
5946ab35f810d569224fc234,8,0.0,12
5946ab35f810d569224fc237,8,0.0,11
5946ab35f810d569224fc245,8,0.0,12
5946ab35f810d569224fc248,8,0.0,12
5946ab35f810d569224fc250,8,0.0,12
5946ab35f810d569224fc25c,8,0.0,12
5946ab35f810d569224fc26b,8,0.0,12
5946ab35f810d569224fc276,8,0.0,12
5946ab35f810d569224fc295,8,0.0,12
5946ab35f810d569224fc298,8,0.0,11
5946ab35f810d569224fc29b,8,0.0,12
5946ab35f810d569224fc2a0,8,0.0,12
5946ab35f810d569224fc2e3,8,0.0,12
5946ab35f810d569224fc2e6,8,0.0,12
5946ab35f810d569224fc2e8,8,0.0,12
5946ab35f810d569224fc2fd,8,0.0,12
5946ab35f810d569224fc311,8,0.0,12
5946ab35f810d569224fc318,8,0.0,12
5946ab35f810d569224fc319,8,0.0,12
5946ab35f810d569224fc31a,8,0.0,12
5946ab35f810d569224fc330,8,0.0,11
5946ab35f810d569224fc340,8,0.0,12
5946ab35f810d569224fc347,8,0.0,12
5946ab35f810d569224fc375,8,0.0,11
5946ab35f810d569224fc3dc,8,0.0,7
5946ab35f810d569224fc3f9,8,0.0,7
5946ab35f810d569224fc414,9,0.0,13
5946ab35f810d569224fc41c,9,0.0,13
5946ab35f810d569224fc4ff,9,0.0,13
5946ab35f810d569224fc50d,9,0.0,13
5946ab35f810d569224fc50e,9,0.0,13
5946ab35f810d569224fc525,9,0.0,12
5946ab35f810d569224fc530,9,0.0,11
5946ab35f810d569224fc533,8,0.0,12
5946ab35f810d569224fc534,9,0.0,12
5946ab35f810d569224fc537,9,0.0,13
5946ab35f810d569224fc53c,9,0.0,13
5946ab35f810d569224fc550,9,0.0,13
5946ab35f810d569224fc551,9,0.0,13
5946ab35f810d569224fc555,8,0.0,12
5946ab35f810d569224fc55a,9,0.0,13
5946ab35f810d569224fc564,9,0.0,13
5946ab35f810d569224fc569,9,0.0,13
5946ab35f810d569224fc56c,8,0.0,11
5946ab35f810d569224fc574,9,0.0,13
5946ab35f810d569224fc57c,9,0.0,13
5946ab35f810d569224fc580,9,0.0,13
5946ab35f810d569224fc582,9,0.0,13
5946ab35f810d569224fc587,9,0.0,12
5946ab35f810d569224fc58e,9,0.0,13
5946ab35f810d569224fc59e,8,0.0,11
5946ab35f810d569224fc5b0,8,0.0,11
5946ab35f810d569224fc5b6,8,0.0,11
5946ab35f810d569224fc5b8,8,0.0,11
5946ab35f810d569224fc5e3,8,0.0,6
5946ab35f810d569224fc5f9,8,0.0,7
5946ab35f810d569224fc600,8,0.0,7
5946ab35f810d569224fc6aa,8,0.0,7
5946ab35f810d569224fc6d3,8,0.0,7
5946ab35f810d569224fc940,8,0.0,11
5946ab36f810d569224fd571,8,0.0,11
5946ab37f810d569224fd579,8,0.0,11
5946ab6ef810d5692250038b,8,0.0,11
5946ab6ef810d5692250038c,8,0.0,11
5946ab72f810d5692250045e,8,0.0,11
5946ab72f810d5692250045f,8,0.0,11
5946ab72f810d569225004e4,8,0.0,11
5946ab72f810d569225004e5,8,0.0,11
5946ab72f810d56922500517,8,0.0,13
5946ab72f810d5692250051b,8,0.0,13
5946ab72f810d569225005e8,8,0.0,11
5946ab72f810d569225005e9,8,0.0,11
5946ab72f810d569225005fc,8,0.0,11
5946ab72f810d569225005fd,8,0.0,11
5946ab72f810d5692250062e,8,0.0,11
5946ab72f810d5692250062f,8,0.0,11
5946ab72f810d56922500630,8,0.0,4
5946ab72f810d56922500631,8,0.0,4
5946ab72f810d56922500668,8,0.0,11
5946ab72f810d56922500669,8,0.0,11
5946ab72f810d56922500724,8,0.0,11
5946ab72f810d56922500725,8,0.0,11
5946ab72f810d56922500739,8,0.0,11
5946ab72f810d5692250073a,8,0.0,11
5946ab72f810d56922500756,8,0.0,11
5946ab72f810d56922500757,8,0.0,11
5946ab72f810d5692250077c,8,0.0,11
5946ab72f810d569225007d4,8,0.0,11
5946ab72f810d5692250081e,8,0.0,11
5946ab72f810d5692250081f,8,0.0,11
5946ab72f810d56922500884,8,0.0,11
5946ab72f810d5692250089a,8,0.0,10
5946ab72f810d5692250089b,8,0.0,10
5946ab79f810d569225010a4,8,0.0,8
5946abb6f810d56922503a6c,9,0.0,2
5946abb6f810d56922503b98,8,0.0,5
5946abb6f810d56922503c38,8,0.0,10
5946abb6f810d56922503c39,8,0.0,11
5946abb6f810d56922503c3a,8,0.0,4
5946abb6f810d56922503c3b,8,0.0,5
5946abb6f810d56922503ee5,8,0.0,15
5946abb7f810d56922504335,8,0.0,2
5946abb7f810d56922504336,8,0.0,4
5946abb7f810d569225044fa,8,0.0,13
5946abb7f810d569225044fe,8,0.0,14
5946abb7f810d5692250459c,9,0.0,5
5946abb7f810d569225045f6,8,0.0,3
5946abb7f810d56922504f2c,8,0.0,0
5946abb8f810d56922505242,8,0.0,0
5946abb8f810d56922505244,8,0.0,1
5946abb8f810d56922505328,8,0.0,7
5946abb8f810d5692250532a,8,0.0,8
5946abb8f810d5692250544f,10,0.0,12
5946abb8f810d569225054d5,8,0.0,8
5946abb8f810d56922505524,9,0.0,4
5946abb8f810d56922505553,9,0.0,10
5946abb8f810d56922505554,9,0.0,12
5946abb8f810d5692250555b,9,0.0,4
5946abb8f810d56922505610,8,0.0,1
5946abdef810d56922506cd0,9,0.0,1
5946abdef810d56922506cd2,9,0.0,1
5946abdef810d56922506d6a,9,0.0,5
5946abdef810d56922506d80,9,0.0,1
5946abdef810d56922506e55,9,0.0,9
5946abdef810d56922506e69,9,0.0,2
5946abdef810d56922506e71,8,0.0,2
5946abdef810d56922506ea5,9,0.0,3
5946abdef810d56922507010,9,0.0,8
5946abdef810d56922507030,9,0.0,8
5946abdef810d56922507036,9,0.0,2
5946abdef810d56922507101,8,0.0,3
5946abdef810d56922507102,8,0.0,2
5946abdef810d56922507161,9,0.0,9
5946abdef810d56922507174,9,0.0,9
5946abdef810d5692250722c,9,0.0,1
5946abdff810d56922507296,9,0.0,0
5946abdff810d5692250733a,9,0.0,0
5946abdff810d56922507345,9,0.0,0
5946abdff810d56922507364,9,0.0,0
5946abdff810d5692250737d,9,0.0,7
5946abdff810d5692250738a,8,0.0,0
5946abdff810d5692250738b,8,0.0,0
5946abdff810d5692250738e,8,0.0,0
5946abdff810d56922507394,9,0.0,0
5946abdff810d5692250739e,9,0.0,8
5946abdff810d569225073a2,9,0.0,0
5946abdff810d569225073a9,9,0.0,0
5946abdff810d569225073c7,9,0.0,5
5946abdff810d569225073dc,9,0.0,9
5946abdff810d569225073dd,9,0.0,8
5946abdff810d569225073e4,9,0.0,2
5946abdff810d569225073e5,9,0.0,1
5946abdff810d569225073f0,9,0.0,0
5946abdff810d5692250740a,9,0.0,0
5946abdff810d5692250742e,9,0.0,1
5946abdff810d5692250742f,9,0.0,0
5946abdff810d5692250743a,9,0.0,7
5946abdff810d56922507447,9,0.0,6
5946abdff810d56922507448,9,0.0,4
5946abdff810d56922507473,9,0.0,4
5946abdff810d5692250748f,9,0.0,9
5946abdff810d56922507495,9,0.0,2
5946abdff810d569225074a5,9,0.0,9
5946abdff810d569225074a6,9,0.0,8
5946abdff810d56922507566,9,0.0,9
5946abdff810d5692250756e,9,0.0,6
5946abdff810d56922507573,9,0.0,9
5946abdff810d56922507672,9,0.0,0
5946abdff810d56922507698,9,0.0,9
5946abdff810d5692250769d,9,0.0,9
5946abdff810d569225076c1,9,0.0,8
5946abdff810d569225076de,9,0.0,0
5946abdff810d56922507780,8,0.0,1
5946abdff810d569225077ff,9,0.0,9
5946abdff810d56922507840,9,0.0,9
5946abdff810d56922507849,9,0.0,2
5946abdff810d569225078d1,8,0.0,0
5946abdff810d56922507913,9,0.0,9
5946abf5f810d56922508dab,11,0.0,2
5946abf5f810d56922508db4,10,0.0,0
5946abf5f810d56922508db8,9,0.0,0
5946abf5f810d56922508dc4,11,0.0,1
5946ac2cf810d5692250a451,10,0.0,2
5946ac2cf810d5692250a45e,10,0.0,1
5946ac2cf810d5692250a460,10,0.0,2
5946ac2cf810d5692250a465,11,0.0,1
5946ac2cf810d5692250a467,10,0.0,1
5946ac2cf810d5692250a48f,11,0.0,0
5946ac2cf810d5692250a49c,11,0.0,0
5946ac2cf810d5692250a4a9,10,0.0,0
5946ac2cf810d5692250a4af,10,0.0,4
5946ac2cf810d5692250a4b0,10,0.0,2
5946ac2cf810d5692250a4c4,10,0.0,2
5946ac43f810d5692250acec,8,0.0,12
5946ac43f810d5692250aced,8,0.0,11
5946ac43f810d5692250acee,8,0.0,11
5946ac43f810d5692250acef,8,0.0,6
5946ac43f810d5692250aeae,8,0.0,12
5946ac43f810d5692250aeaf,8,0.0,11
5946ac43f810d5692250aeb0,8,0.0,11
5946ac43f810d5692250aec6,8,0.0,11
5946ac43f810d5692250b19e,8,0.0,11
5946ac43f810d5692250b1a2,8,0.0,11
5946ac43f810d5692250b1aa,8,0.0,11
5946ac43f810d5692250b1b9,8,0.0,10
5946ac43f810d5692250b1ba,8,0.0,11
5946ac43f810d5692250b1c3,8,0.0,11
5946ac43f810d5692250b1cb,8,0.0,11
5946ac43f810d5692250b1cd,8,0.0,11
5946ac43f810d5692250b1d3,8,0.0,11
5946ac43f810d5692250b1d5,8,0.0,11
5946ac43f810d5692250b1d6,8,0.0,11
5946ac43f810d5692250b1e4,8,0.0,11
5946ac43f810d5692250b23b,8,0.0,9
5946ac43f810d5692250b23f,8,0.0,8
5946ac43f810d5692250b262,8,0.0,12
5946ac43f810d5692250b2ef,8,0.0,11
5946ac9af810d5692250dce6,8,0.0,15
5946ac9af810d5692250ddad,11,0.0,14
5946ac9af810d5692250ddaf,11,0.0,15
5946ac9af810d5692250df68,11,0.0,13
5946ac9af810d5692250df6a,11,0.0,13
5946aca4f810d5692250e4bc,9,0.0,2
5946aca4f810d5692250e4bd,9,0.0,2
5946aca4f810d5692250e4c7,10,0.0,1
5946aca4f810d5692250e4c8,10,0.0,1
5946aca4f810d5692250e4cf,8,0.0,1
5946aca4f810d5692250e4d2,9,0.0,0
5946acb8f810d5692250ee93,9,0.0,8
5946acb8f810d5692250ee99,9,0.0,7
5946acb8f810d5692250ee9a,9,0.0,7
5946acb8f810d5692250eea4,9,0.0,5
5946acb8f810d5692250eead,9,0.0,0
5946acb8f810d5692250eecb,9,0.0,5
5946acb8f810d5692250eecc,9,0.0,5
5946acb8f810d5692250eee0,9,0.0,0
5946acb8f810d5692250efc7,9,0.0,8
5946acc0f810d5692250f51a,9,0.0,1
5946acc0f810d5692250f52f,9,0.0,1
5946acc1f810d56922510027,10,0.0,17
5946acc1f810d5692251006b,10,0.0,18
5946acc1f810d56922510087,10,0.0,18
5946acc1f810d569225105ef,11,0.0,5
5946acc1f810d56922510603,11,0.0,13
5946acc1f810d569225109d5,8,0.0,0
5946acc1f810d569225109d9,8,0.0,1
5946acc4f810d56922510d5b,11,0.0,11
5946ace3f810d56922512d7a,8,0.0,5
5946acfef810d569225135c3,13,0.0,2
5946acfef810d569225135c7,11,0.0,0
5946acfef810d569225135c8,13,0.0,0
5946acfef810d569225135cc,10,0.0,1
5946acfef810d569225135cd,11,0.0,1
5946acfef810d5692251363a,9,0.0,0
5946acfef810d5692251364b,8,0.0,0
5946acfef810d5692251368f,9,0.0,0
5946acfef810d56922513694,9,0.0,0
5946acfef810d5692251369f,10,0.0,1
5946acfef810d56922513768,8,0.0,0
5946acfef810d56922513793,9,0.0,0
5946acfef810d569225137a9,9,0.0,0
5946acfef810d569225137b5,9,0.0,0
5946acfef810d569225137bb,9,0.0,1
5946acfef810d569225137c9,8,0.0,0
5946acfef810d569225137ca,8,0.0,0
5946acfef810d569225137fe,8,0.0,6
5946acfef810d5692251382b,8,0.0,0
5946acfef810d56922513837,8,0.0,0
5946acfef810d56922513838,8,0.0,0
5946acfef810d56922513892,8,0.0,1
5946acfef810d56922513893,8,0.0,1
5946acfef810d56922513906,8,0.0,6
5946acfef810d56922513957,9,0.0,0
5946acfef810d5692251395b,9,0.0,1
5946acfef810d5692251395c,8,0.0,7
5946acfef810d56922513962,9,0.0,8
5946acfef810d5692251396a,9,0.0,8
5946acfef810d5692251396b,9,0.0,8
5946acfef810d56922513974,9,0.0,0
5946acfef810d56922513978,8,0.0,0
5946acfef810d56922513980,9,0.0,0
5946acfef810d56922513981,9,0.0,0
5946acfef810d56922513982,9,0.0,0
5946acfef810d56922513983,9,0.0,1
5946acfef810d5692251398f,9,0.0,1
5946acfef810d56922513991,9,0.0,8
5946acfef810d56922513998,9,0.0,7
5946acfef810d5692251399a,9,0.0,0
5946acfef810d5692251399c,9,0.0,0
5946acfef810d569225139a0,9,0.0,8
5946acfef810d569225139a4,9,0.0,0
5946acfef810d569225139a5,9,0.0,0
5946acfef810d569225139b1,9,0.0,8
5946acfef810d569225139b2,8,0.0,0
5946acfef810d569225139b8,9,0.0,1
5946acfef810d569225139ba,9,0.0,8
5946acfef810d569225139bc,8,0.0,0
5946acfef810d569225139be,8,0.0,7
5946acfef810d569225139c5,9,0.0,0
5946acfef810d569225139c6,9,0.0,0
5946acfef810d569225139c8,9,0.0,8
5946acfef810d569225139c9,9,0.0,8
5946acfef810d569225139d0,9,0.0,0
5946acfef810d56922513a0f,8,0.0,17
5946acfef810d56922513b1a,9,0.0,19
5946acfff810d56922513c89,12,0.0,3
5946acfff810d56922513c8c,12,0.0,0
5946acfff810d56922513d6c,10,0.0,1
5946acfff810d56922513d6e,11,0.0,0
5946acfff810d56922513e6e,8,0.0,9
5946acfff810d56922513ea3,8,0.0,7
5946acfff810d56922513ea6,8,0.0,12
5946acfff810d56922514480,8,0.0,13
5946acfff810d569225144ac,9,0.0,12
5946acfff810d56922514858,8,0.0,8
5946ad00f810d56922514be9,9,0.0,1
5946ad00f810d56922515548,11,0.0,0
5946ad00f810d56922515575,12,0.0,1
5946ad00f810d56922515588,11,0.0,1
5946ad00f810d569225155b0,10,0.0,0
5946ad00f810d569225155be,10,0.0,1
5946ad01f810d56922515db9,9,0.0,13
5946ad01f810d56922515dcd,8,0.0,13
5946ad02f810d56922516790,9,0.0,8
5946ad02f810d569225167aa,10,0.0,1
5946ad02f810d569225167ae,10,0.0,1
5946ad02f810d569225167b9,10,0.0,0
5946ad02f810d56922516821,11,0.0,11
5946ad02f810d56922516bc0,10,0.0,27
5946ad02f810d56922516c21,8,0.0,2
5946ad02f810d56922516d74,8,0.0,1
5946ad02f810d56922516e4f,9,0.0,0
5946ad02f810d56922516e61,9,0.0,0
5946ad02f810d56922516f03,12,0.0,3
5946ad02f810d56922516f05,12,0.0,4
5946ad02f810d56922516f25,13,0.0,1
5946ad02f810d56922516f2d,13,0.0,1
5946ad02f810d56922516ff1,10,0.0,2
5946ad02f810d56922516ff7,10,0.0,0
5946ad02f810d56922516ff8,10,0.0,0
5946ad02f810d56922516ffe,10,0.0,0
5946ad02f810d56922517035,10,0.0,11
5946ad02f810d56922517036,10,0.0,11
5946ad02f810d5692251703a,12,0.0,14
5946ad02f810d5692251703b,12,0.0,14
5946ad03f810d5692251770c,9,0.0,1
5946ad03f810d5692251770e,8,0.0,4
5946ad03f810d5692251771c,8,0.0,2
5946ad03f810d56922517728,9,0.0,0
5946ad03f810d56922517729,9,0.0,0
5946ad03f810d56922517739,9,0.0,0
5946ad03f810d56922517766,9,0.0,0
5946ad03f810d5692251777e,9,0.0,8
5946ad03f810d56922517783,9,0.0,0
5946ad03f810d5692251795c,9,0.0,0
5946ad03f810d56922517964,9,0.0,7
5946ad03f810d569225179a7,10,0.0,9
5946ad03f810d569225179ae,10,0.0,9
5946ad03f810d569225179bf,10,0.0,9
5946ad03f810d569225179e0,11,0.0,1
5946ad03f810d569225179fb,11,0.0,2
5946ad03f810d56922517a62,8,0.0,0
5946ad03f810d56922517bb4,13,0.0,12
5946ad03f810d56922517bb5,12,0.0,10
5946ad03f810d56922517dbb,11,0.0,3
5946ad03f810d56922517e29,14,0.0,16
5946ad03f810d56922517e2a,13,0.0,14
5946ad03f810d56922517e37,11,0.0,12
5946ad03f810d56922517e7a,12,0.0,3
5946ad03f810d56922517eec,12,0.0,10
5946ad03f810d56922517f02,13,0.0,3
5946ad04f810d56922517fdb,11,0.0,12
5946ad04f810d56922517fe6,10,0.0,3
5946ad04f810d56922517ff2,10,0.0,3
5946ad04f810d569225181bc,10,0.0,4
5946ad04f810d569225181bf,10,0.0,3
5946ad04f810d569225181ee,8,0.0,0
5946ad04f810d569225184df,11,0.0,1
5946ad04f810d56922518504,11,0.0,10
5946ad04f810d56922518857,12,0.0,11
5946ad04f810d569225189b9,11,0.0,2
5946ad04f810d569225189bb,10,0.0,6
5946ad04f810d56922518ac7,10,0.0,3
5946ad05f810d56922518b74,14,0.0,15
5946ad05f810d56922518c94,11,0.0,2
5946ad05f810d56922519026,11,0.0,21
5946ad05f810d56922519050,12,0.0,1
5946ad05f810d569225190ee,11,0.0,10
5946ad05f810d569225191df,10,0.0,10
5946ad05f810d56922519437,14,0.0,14
5946ad05f810d56922519480,13,0.0,1
5946ad05f810d569225194c5,11,0.0,0
5946ad05f810d569225194d6,12,0.0,1
5946ad05f810d56922519510,12,0.0,12
5946ad05f810d56922519574,9,0.0,0
5946ad05f810d56922519576,9,0.0,0
5946ad05f810d56922519612,9,0.0,0
5946ad05f810d569225196e1,12,0.0,1
5946ad05f810d569225196f2,13,0.0,1
5946ad05f810d5692251972f,13,0.0,1
5946ad05f810d5692251976c,13,0.0,1
5946ad05f810d5692251976e,13,0.0,1
5946ad05f810d5692251978f,13,0.0,4
5946ad05f810d56922519791,13,0.0,4
5946ad05f810d569225197d4,12,0.0,1
5946ad05f810d569225197ec,13,0.0,13
5946ad05f810d56922519812,11,0.0,11
5946ad06f810d56922519b1b,11,0.0,21
5946ad06f810d56922519b1c,13,0.0,24
5946ad06f810d56922519b1d,11,0.0,21
5946ad06f810d56922519c95,12,0.0,1
5946ad06f810d56922519c9b,12,0.0,1
5946ad06f810d56922519e47,12,0.0,12
5946ad06f810d56922519e48,12,0.0,12
5946ad06f810d56922519e72,12,0.0,1
5946ad06f810d56922519e94,12,0.0,9
5946ad06f810d56922519e98,12,0.0,1
5946ad06f810d56922519eb5,12,0.0,5
5946ad06f810d56922519ed6,12,0.0,22
5946ad06f810d56922519edd,12,0.0,22
5946ad06f810d56922519ee5,12,0.0,1
5946ad06f810d56922519fab,11,0.0,22
5946ad06f810d5692251a24c,8,0.0,8
5946ad06f810d5692251a34e,11,0.0,11
5946ad06f810d5692251a362,10,0.0,1
5946ad06f810d5692251a3ed,10,0.0,10
5946ad07f810d5692251a569,10,0.0,0
5946ad07f810d5692251a56f,10,0.0,1
5946ad07f810d5692251a572,10,0.0,1
5946ad07f810d5692251a573,10,0.0,1
5946ad07f810d5692251a5ad,9,0.0,0
5946ad07f810d5692251a5ef,10,0.0,9
5946ad07f810d5692251a621,9,0.0,8
5946ad07f810d5692251a623,9,0.0,15
5946ad07f810d5692251a6b4,10,0.0,1
5946ad07f810d5692251a6e1,10,0.0,0
5946ad07f810d5692251a6e9,10,0.0,8
5946ad07f810d5692251a6f0,10,0.0,8
5946ad07f810d5692251a704,10,0.0,0
5946ad07f810d5692251a72f,10,0.0,9
5946ad07f810d5692251a755,10,0.0,0
5946ad07f810d5692251a758,10,0.0,0
5946ad07f810d5692251a762,9,0.0,0
5946ad07f810d5692251a77e,10,0.0,0
5946ad07f810d5692251a77f,10,0.0,8
5946ad07f810d5692251a7be,10,0.0,9
5946ad07f810d5692251a7ce,10,0.0,0
5946ad07f810d5692251a7f5,10,0.0,9
5946ad07f810d5692251a7fa,10,0.0,3
5946ad07f810d5692251a800,10,0.0,0
5946ad07f810d5692251a803,10,0.0,0
5946ad07f810d5692251b277,10,0.0,26
5946ad07f810d5692251b27a,10,0.0,23
5946ad08f810d5692251b414,11,0.0,30
5946ad08f810d5692251b436,10,0.0,26
5946ad08f810d5692251b4cb,11,0.0,25
5946ad08f810d5692251b4d1,10,0.0,23
5946ad08f810d5692251b4f9,11,0.0,5
5946ad08f810d5692251b507,11,0.0,12
5946ad08f810d5692251b53e,8,0.0,8
5946ad08f810d5692251b569,10,0.0,1
5946ad08f810d5692251b56c,10,0.0,1
5946ad08f810d5692251c146,9,0.0,2
5946ad08f810d5692251c148,9,0.0,2
5946ad08f810d5692251c187,10,0.0,11
5946ad0af810d5692251d3e8,10,0.0,0
5946ad0af810d5692251d3ef,10,0.0,0
5946ad0af810d5692251d4ae,9,0.0,0
5946ad0af810d5692251d595,10,0.0,10
5946ad0af810d5692251d5af,10,0.0,15
5946ad0af810d5692251d6ad,11,0.0,2
5946ad0af810d5692251d6ae,11,0.0,2
5946ad0af810d5692251d6b0,10,0.0,2
5946ad0af810d5692251d8be,11,0.0,29
5946ad0af810d5692251d8bf,11,0.0,29
5946ad0af810d5692251d8c0,11,0.0,30
5946ad0af810d5692251d95a,11,0.0,18
5946ad0af810d5692251d95b,11,0.0,20
5946ad0af810d5692251d95d,11,0.0,25
5946ad0af810d5692251d961,11,0.0,18
5946ad0af810d5692251d962,11,0.0,24
5946ad0af810d5692251d963,11,0.0,25
5946ad0bf810d5692251e0c1,11,0.0,31
5946ad0bf810d5692251e0f6,11,0.0,26
5946ad0bf810d5692251e0fa,11,0.0,31
5946ad0bf810d5692251e5d9,10,0.0,27
5946ad0bf810d5692251e81b,10,0.0,1
5946ad0bf810d5692251e837,11,0.0,1
5946ad0bf810d5692251eaaf,9,0.0,1
5946ad0bf810d5692251eb18,9,0.0,1
5946ad0cf810d5692251eb43,9,0.0,2
5946ad0cf810d5692251eb67,10,0.0,9
5946ad0cf810d5692251eb68,10,0.0,8
5946ad0cf810d5692251eb75,10,0.0,0
5946ad0cf810d5692251eb78,10,0.0,0
5946ad0cf810d5692251eb79,10,0.0,0
5946ad0cf810d5692251eb7a,10,0.0,0
5946ad0cf810d5692251ebe9,10,0.0,10
5946ad0cf810d5692251ebf8,10,0.0,0
5946ad0cf810d5692251ec02,9,0.0,0
5946ad0cf810d5692251ec12,9,0.0,0
5946ad0cf810d5692251ec13,9,0.0,0
5946ad0cf810d5692251ec29,10,0.0,0
5946ad0cf810d5692251ec34,10,0.0,0
5946ad0cf810d5692251ec35,10,0.0,0
5946ad0cf810d5692251ec3f,8,0.0,7
5946ad0cf810d5692251ec9c,10,0.0,11
5946ad0cf810d5692251ecb2,10,0.0,2
5946ad0cf810d5692251ecb4,10,0.0,1
5946ad0cf810d5692251ecd6,10,0.0,1
5946ad0cf810d5692251ed0c,10,0.0,1
5946ad0cf810d5692251ed66,10,0.0,0
5946ad0cf810d5692251ef59,10,0.0,0
5946ad0cf810d5692251ef5e,10,0.0,9
5946ad0cf810d5692251f10f,11,0.0,1
5946ad0cf810d5692251f124,11,0.0,11
5946ad0cf810d5692251f129,10,0.0,0
5946ad0cf810d5692251f144,10,0.0,0
5946ad0cf810d5692251f177,10,0.0,1
5946ad0cf810d5692251f327,11,0.0,2
5946ad0cf810d5692251f328,10,0.0,10
5946ad0cf810d5692251f346,10,0.0,28
5946ad0cf810d5692251f36f,11,0.0,1
5946ad0cf810d5692251f385,11,0.0,11
5946ad0cf810d5692251f3d2,11,0.0,20
5946ad0cf810d5692251f680,10,0.0,19
5946ad0cf810d5692251f686,10,0.0,18
5946ad0df810d5692251f89f,12,0.0,17
5946ad0df810d5692251f8b5,12,0.0,16
5946ad0df810d5692251f8c7,12,0.0,17
5946ad0df810d5692251f8eb,12,0.0,17
5946ad0df810d5692251f8ed,12,0.0,17
5946ad0df810d5692251f90f,10,0.0,9
5946ad0df810d5692251f917,10,0.0,9
5946ad0df810d5692251f926,8,0.0,8
5946ad0df810d5692251fae4,8,0.0,17
5946ad0df810d5692251fae5,8,0.0,19
5946ad0df810d5692251fe36,9,0.0,1
5946ad0df810d56922520136,8,0.0,1
5946ad0df810d569225203a8,9,0.0,1
5946ad0df810d569225203fb,11,0.0,10
5946ad0df810d56922520402,11,0.0,0
5946ad0df810d56922520405,10,0.0,1
5946ad0df810d56922520420,12,0.0,11
5946ad0df810d56922520446,11,0.0,10
5946ad0df810d56922520449,10,0.0,8
5946ad0df810d5692252044d,12,0.0,8
5946ad0df810d569225204a7,11,0.0,1
5946ad0df810d569225204d3,9,0.0,0
5946ad0ef810d569225204f9,11,0.0,1
5946ad0ef810d56922520501,12,0.0,2
5946ad0ef810d56922520502,11,0.0,10
5946ad0ef810d56922520503,11,0.0,9
5946ad0ef810d56922520504,12,0.0,12
5946ad0ef810d56922520525,10,0.0,1
5946ad0ef810d5692252052b,11,0.0,4
5946ad0ef810d5692252052d,10,0.0,3
5946ad0ef810d56922520534,10,0.0,1
5946ad0ef810d5692252055c,13,0.0,12
5946ad0ef810d569225205c1,11,0.0,0
5946ad0ef810d569225206a2,11,0.0,1
5946ad0ef810d569225206a6,11,0.0,10
5946ad0ef810d569225206e0,12,0.0,15
5946ad0ef810d56922520718,10,0.0,1
5946ad0ef810d56922520730,8,0.0,1
5946ad0ef810d56922520731,8,0.0,1
5946ad0ef810d5692252074c,9,0.0,1
5946ad0ef810d5692252074e,9,0.0,0
5946ad0ef810d5692252075e,8,0.0,3
5946ad0ff810d569225216b5,10,0.0,2
5946ad25f810d5692252373c,9,0.0,8
5946ad25f810d56922523744,9,0.0,8
5946ad46f810d5692252513f,9,0.0,15
5946ad46f810d569225253f3,9,0.0,21
5946ad4ef810d569225272ed,8,0.0,2
5946ad4ef810d569225272fa,8,0.0,2
5946ad4ef810d569225277ed,11,0.0,15
5946ad4ef810d569225277fc,11,0.0,22
5946ad4ff810d56922527ee5,8,0.0,12
5946ad4ff810d56922528282,8,0.0,12
5946ad4ff810d56922528682,9,0.0,21
5946ad4ff810d56922528686,8,0.0,18
5946ad4ff810d5692252869a,9,0.0,23
5946ad6bf810d5692252a114,8,0.0,20
5946ad73f810d5692252a50f,9,0.0,0
5946ad96f810d5692252cb23,12,0.0,2
5946ad96f810d5692252cb25,12,0.0,4
5946ad96f810d5692252cefe,9,0.0,19
5946ad96f810d5692252ceff,9,0.0,21
5946ad96f810d5692252cf67,9,0.0,1
5946ad96f810d5692252cf8a,9,0.0,6
5946ad97f810d5692252d6ef,8,0.0,9
5946ad97f810d5692252db62,9,0.0,18
5946ad97f810d5692252dbd5,12,0.0,5
5946ad97f810d5692252dbd9,12,0.0,7
5946ad97f810d5692252dbf5,11,0.0,11
5946ad97f810d5692252dbf6,11,0.0,12
5946ad97f810d5692252dc63,12,0.0,6
5946ad97f810d5692252dd0a,12,0.0,19
5946ad97f810d5692252dd18,12,0.0,4
5946ad97f810d5692252dd1a,12,0.0,4
5946ad97f810d5692252deb1,12,0.0,1
5946ad97f810d5692252deda,12,0.0,14
5946ad98f810d5692252df35,13,0.0,2
5946ad98f810d5692252e25d,12,0.0,1
5946ad98f810d5692252e2c1,12,0.0,1
5946ad98f810d5692252e40e,10,0.0,12
5946ad98f810d5692252e414,10,0.0,13
5946ad98f810d5692252e670,10,0.0,11
5946ad98f810d5692252eb60,12,0.0,3
5946ad98f810d5692252eb70,10,0.0,6
5946ad98f810d5692252eb77,10,0.0,1
5946ad98f810d5692252eb79,10,0.0,6
5946ad9bf810d56922530661,10,0.0,1
5946ad9bf810d5692253066b,9,0.0,3
5946ad9bf810d569225306c7,11,0.0,2
5946ad9bf810d56922530738,11,0.0,15
5946ad9bf810d56922530c2c,9,0.0,15
5946adbbf810d56922532793,8,0.0,10
5946adbbf810d569225327bd,8,0.0,10
5946adbbf810d569225327f5,8,0.0,10
5946adbbf810d5692253280f,8,0.0,10
5946adbbf810d56922532812,8,0.0,10
5946adbbf810d56922532813,8,1.0,15
5946adbbf810d5692253281c,8,0.0,10
5946adbbf810d56922532826,8,0.0,10
5946adbbf810d5692253282e,8,0.0,10
5946adbbf810d56922532847,8,1.0,15
5946adbbf810d56922532849,8,1.0,15
5946ade1f810d56922535181,10,0.0,1
5946ade1f810d56922535190,10,0.0,0
5946adedf810d56922535420,11,0.0,1
5946adedf810d56922535422,11,0.0,1
5946ae0cf810d56922536afc,11,0.0,20
5946ae26f810d5692253832e,11,0.0,1
5946ae26f810d5692253832f,11,0.0,4
5946ae27f810d56922538524,8,0.0,0
5946ae28f810d569225386f1,8,0.0,1
5946ae28f810d5692253897a,11,0.0,13
5946ae28f810d56922538aae,11,0.0,13
5946ae28f810d56922538ab0,11,0.0,14
5946ae29f810d569225393f1,9,0.0,8
5946ae29f810d5692253945d,9,0.0,16
5946ae29f810d5692253946f,8,0.0,9
5946ae29f810d56922539470,8,0.0,12
5946ae29f810d569225394e9,9,0.0,12
5946ae29f810d5692253950f,9,0.0,15
5946ae29f810d56922539533,9,0.0,17
5946ae2ff810d56922539d57,11,0.0,1
5946ae2ff810d56922539d5b,11,0.0,2
5946ae2ff810d56922539d60,11,0.0,1
5946ae2ff810d56922539d6d,12,0.0,5
5946ae2ff810d56922539d71,12,0.0,6
5946ae47f810d5692253ab2f,11,0.0,2
5946ae47f810d5692253ab35,11,0.0,3
5946ae47f810d5692253ab37,11,0.0,4
5946ae47f810d5692253ab3a,11,0.0,1
5946ae47f810d5692253ab3b,11,0.0,2
5946ae56f810d5692253b709,8,0.0,4
5946ae57f810d5692253c99d,8,0.0,9
5946ae69f810d5692253dadd,9,0.0,1
5946ae90f810d5692253e992,10,0.0,1
5946ae92f810d5692253ea47,12,0.0,1
5946ae92f810d5692253ea54,12,0.0,1
5946ae92f810d5692253ea57,12,0.0,1
5946ae92f810d5692253ea58,12,0.0,1
5946ae9af810d5692253f2de,10,0.0,10
5946aeb0f810d5692253faf0,9,0.0,18
5946aeb5f810d5692253fdb6,9,0.0,17
5946aeb5f810d5692253fdc1,8,0.0,10
5946aeb5f810d5692253fde2,8,0.0,14
5946aeb5f810d5692253fe10,8,0.0,15
5946aeb5f810d5692253fe11,8,0.0,14
5946aeb5f810d5692253fe3e,8,0.0,13
5946aeb5f810d56922540021,8,0.0,12
5946aeb8f810d56922540a7d,9,0.0,1
5946aec4f810d569225429b1,10,0.0,26
5946aec4f810d569225429c0,11,0.0,26
5946aec5f810d569225434f9,10,0.0,26
5946aec5f810d569225436b3,10,0.0,23
5946aec5f810d569225436b4,10,0.0,23
5946aec6f810d5692254379d,9,0.0,16
5946aec6f810d56922543a5a,10,0.0,25
5946aec6f810d56922543dd9,11,0.0,26
5946aec6f810d56922543fc6,11,0.0,27
5946aec6f810d56922543fc7,13,0.0,33
5946aec6f810d5692254427a,11,0.0,26
5946aec6f810d5692254427b,13,0.0,32
5946aec9f810d5692254474a,11,0.0,4
5946aec9f810d5692254474b,11,0.0,3
5946aec9f810d56922544750,11,0.0,4
5946aec9f810d56922544751,11,0.0,3
5946aec9f810d5692254476f,12,0.0,1
5946aec9f810d56922544785,11,0.0,3
5946aed9f810d56922545c9f,8,0.0,11
5946aed9f810d56922545ca0,8,0.0,14
5946aed9f810d56922545ca1,8,0.0,15
5946aed9f810d56922545ca2,8,0.0,17
5946aee6f810d569225467e6,11,0.0,1
5946aee6f810d56922546822,12,0.0,3
5946aee6f810d56922546828,12,0.0,1
5946aee6f810d56922546939,10,0.0,10
5946aee6f810d56922546c7c,11,0.0,2
5946aee6f810d56922546c7e,11,0.0,2
5946aee6f810d56922546c82,11,0.0,2
5946aee6f810d56922546c84,11,0.0,2
5946aee6f810d56922546e1c,11,0.0,4
5946aee6f810d56922547155,8,0.0,12
5946aee8f810d56922548181,10,0.0,1
5946aee8f810d569225481e1,12,0.0,2
5946aee8f810d569225481e6,12,0.0,4
5946aee8f810d569225481ef,12,0.0,2
5946aee8f810d56922548223,11,0.0,13
5946aee8f810d56922548277,12,0.0,7
5946aee8f810d5692254827c,12,0.0,9
5946aee8f810d56922548297,11,0.0,1
5946aee8f810d56922548298,11,0.0,4
5946aee8f810d5692254829a,11,0.0,4
5946aee8f810d569225482a2,11,0.0,3
5946aee8f810d569225482aa,11,0.0,11
5946aee8f810d569225482b1,11,0.0,1
5946aee8f810d569225482b3,11,0.0,1
5946aee8f810d569225482e4,12,0.0,3
5946aee8f810d56922548319,10,0.0,12
5946aee8f810d5692254831f,12,0.0,3
5946aee8f810d56922548327,12,0.0,1
5946aee8f810d5692254832e,12,0.0,1
5946aee8f810d56922548333,12,0.0,2
5946aee8f810d56922548334,12,0.0,5
5946aee8f810d5692254835b,11,0.0,13
5946aee8f810d5692254837c,12,0.0,1
5946aee8f810d56922548388,11,0.0,2
5946aee8f810d56922548389,12,0.0,1
5946aee8f810d569225483af,11,0.0,3
5946aee8f810d569225483d3,12,0.0,3
5946aee8f810d569225483e1,12,0.0,14
5946aee8f810d56922548400,11,0.0,1
5946aee8f810d56922548401,11,0.0,5
5946aee8f810d5692254840e,10,0.0,12
5946aee8f810d56922548466,12,0.0,4
5946aee8f810d56922548495,12,0.0,15
5946aee8f810d56922548528,11,0.0,6
5946aee8f810d569225485eb,11,0.0,1
5946aee8f810d569225485f3,12,0.0,1
5946aee8f810d569225485f5,12,0.0,1
5946aee8f810d5692254860c,11,0.0,13
5946aee8f810d56922548616,12,0.0,12
5946aee8f810d5692254861c,12,0.0,19
5946aee8f810d56922548646,11,0.0,1
5946aee8f810d5692254864e,12,0.0,1
5946aee8f810d56922548651,12,0.0,1
5946aee8f810d56922548653,12,0.0,1
5946aee8f810d56922548664,10,0.0,2
5946aee8f810d56922548665,10,0.0,4
5946aee8f810d569225486df,11,0.0,3
5946aee8f810d569225486ef,11,0.0,5
5946aee8f810d569225487a5,12,0.0,1
5946aee8f810d569225487a8,12,0.0,1
5946aee8f810d56922548804,12,0.0,12
5946aee8f810d56922548811,10,0.0,1
5946aee8f810d5692254881e,10,0.0,3
5946aee8f810d56922548863,11,0.0,20
5946aee8f810d56922548864,11,0.0,20
5946aee8f810d5692254886e,11,0.0,11
5946aee8f810d56922548981,12,0.0,1
5946aee8f810d569225489c0,12,0.0,1
5946aee8f810d569225489c2,12,0.0,1
5946aee8f810d569225489f1,12,0.0,12
5946aee8f810d569225489f5,12,0.0,12
5946aee8f810d569225489f7,12,0.0,19
5946aee8f810d569225489fb,12,0.0,17
5946aee8f810d569225489fc,12,0.0,19
5946aee8f810d569225489ff,12,0.0,12
5946aee8f810d56922548a03,12,0.0,12
5946aee8f810d56922548a17,12,0.0,1
5946aee8f810d56922548a3f,12,0.0,1
5946aee8f810d56922548a50,12,0.0,1
5946aee8f810d56922548a7b,12,0.0,1
5946aee8f810d56922548a80,12,0.0,12
5946aee8f810d56922548a8b,12,0.0,12
5946aee8f810d56922548a8d,12,0.0,12
5946aee8f810d56922548ac3,12,0.0,19
5946aee8f810d56922548acf,12,0.0,19
5946aee8f810d56922548af7,12,0.0,1
5946aee8f810d56922548b13,12,0.0,2
5946aee8f810d56922548b39,12,0.0,1
5946aee9f810d56922548f04,11,0.0,4
5946aee9f810d56922548f22,11,0.0,4
5946aee9f810d56922548f2c,11,0.0,4
5946aee9f810d56922548f32,11,0.0,4
5946aee9f810d56922548f66,11,0.0,13
5946aee9f810d56922548fb0,12,0.0,3
5946aee9f810d5692254927b,9,0.0,11
5946aee9f810d569225492c5,10,0.0,11
5946aee9f810d56922549582,9,0.0,9
5946aee9f810d569225495cd,9,0.0,9
5946aee9f810d56922549606,11,0.0,1
5946aee9f810d5692254960a,11,0.0,1
5946aee9f810d56922549687,8,0.0,2
5946aee9f810d569225498d2,9,0.0,9
5946aee9f810d569225498d4,9,0.0,9
5946aee9f810d569225498f3,14,0.0,1
5946aeeaf810d56922549c13,10,0.0,3
5946aeeaf810d56922549c31,12,0.0,13
5946aeeaf810d56922549ca2,12,0.0,1
5946aeeaf810d56922549cae,10,0.0,0
5946aeeaf810d56922549cb2,10,0.0,0
5946aeeaf810d56922549cb5,11,0.0,13
5946aeeaf810d56922549cb9,11,0.0,13
5946aeeaf810d56922549cee,11,0.0,1
5946aeeaf810d56922549cf0,13,0.0,1
5946aeeaf810d56922549dbe,12,0.0,13
5946aeeaf810d56922549dc4,12,0.0,1
5946aeeaf810d56922549dc8,12,0.0,2
5946aeeaf810d56922549dd2,12,0.0,2
5946aeeaf810d56922549dde,12,0.0,1
5946aeeaf810d56922549de6,12,0.0,9
5946aeeaf810d56922549e1a,12,0.0,10
5946aeeaf810d56922549e28,12,0.0,1
5946aeeaf810d56922549e5e,12,0.0,12
5946aeeaf810d56922549e61,12,0.0,12
5946aeeaf810d56922549e88,13,0.0,1
5946aeeaf810d56922549ed3,14,0.0,14
5946aeeaf810d56922549edb,14,0.0,14
5946aeeaf810d56922549f33,12,0.0,2
5946aeeaf810d56922549f44,12,0.0,13
5946aeeaf810d56922549f6f,12,0.0,2
5946aeeaf810d56922549fb2,13,0.0,13
5946aeeaf810d56922549fb4,13,0.0,13
5946aeeaf810d5692254a344,11,0.0,20
5946aeeaf810d5692254a461,11,0.0,13
5946aeeaf810d5692254a8b0,10,0.0,21
5946aeeaf810d5692254a8f9,10,0.0,17
5946aeeaf810d5692254a8fb,10,0.0,18
5946aeebf810d5692254abe5,11,0.0,3
5946aeebf810d5692254abe6,11,0.0,3
5946aeebf810d5692254ac87,11,0.0,6
5946aeebf810d5692254ac88,11,0.0,4
5946aeebf810d5692254aca5,10,0.0,12
5946aeebf810d5692254acac,11,0.0,3
5946aeebf810d5692254ace0,11,0.0,3
5946aeebf810d5692254ae5b,11,0.0,2
5946aeebf810d5692254b160,10,0.0,9
5946aeebf810d5692254b161,12,0.0,11
5946aeebf810d5692254b16e,11,0.0,10
5946aeebf810d5692254b1a1,11,0.0,1
5946aeebf810d5692254b1a2,11,0.0,2
5946aeebf810d5692254b1af,11,0.0,10
5946aeebf810d5692254b367,11,0.0,3
5946aeebf810d5692254b36f,11,0.0,3
5946aeebf810d5692254b3e1,12,0.0,5
5946aeebf810d5692254b3fc,12,0.0,14
5946aeebf810d5692254b41a,11,0.0,2
5946aeebf810d5692254b51c,12,0.0,1
5946aeebf810d5692254b544,10,0.0,0
5946aeebf810d5692254b573,10,0.0,11
5946aeebf810d5692254b680,10,0.0,11
5946aeebf810d5692254b6c9,10,0.0,11
5946aeebf810d5692254b6cc,10,0.0,11
5946aeecf810d5692254c605,9,0.0,24
5946aeecf810d5692254c60b,9,0.0,23
5946aeedf810d5692254cc9f,12,0.0,1
5946aeedf810d5692254ccb2,10,0.0,2
5946aeedf810d5692254ccb7,10,0.0,1
5946aeedf810d5692254ccb8,10,0.0,1
5946aeedf810d5692254cebd,10,0.0,23
5946aef0f810d5692254faf8,11,0.0,1
5946aef0f810d5692254fafe,12,0.0,1
5946aef1f810d56922550781,10,0.0,1
5946aef1f810d5692255078c,11,0.0,1
5946aef1f810d56922550845,8,0.0,4
5946aef1f810d56922550874,12,0.0,1
5946aef1f810d56922550884,12,0.0,1
5946aef1f810d56922550885,11,0.0,0
5946aef1f810d569225508b9,12,0.0,12
5946aef1f810d569225508d4,11,0.0,11
5946aef1f810d569225508d9,11,0.0,8
5946aef1f810d569225508e3,12,0.0,12
5946aef1f810d569225508f5,12,0.0,1
5946aef1f810d5692255092b,10,0.0,10
5946aef1f810d5692255092e,12,0.0,1
5946aef1f810d56922550972,12,0.0,1
5946aef1f810d56922550977,12,0.0,1
5946aef1f810d56922550997,12,0.0,12
5946aef1f810d569225509ba,12,0.0,12
5946aef1f810d569225509cc,11,0.0,2
5946aef2f810d56922550ade,11,0.0,20
5946aef2f810d56922550aeb,10,0.0,1
5946aef2f810d56922550aff,10,0.0,11
5946aef2f810d56922550b0a,10,0.0,2
5946aef2f810d56922550b0b,10,0.0,2
5946aef2f810d56922550b3b,10,0.0,10
5946aef2f810d56922550b4a,10,0.0,0
5946aef2f810d56922550ba2,11,0.0,20
5946aef2f810d56922550bfd,11,0.0,14
5946aef2f810d56922550eba,9,0.0,1
5946aef2f810d56922550ec0,9,0.0,2
5946aef2f810d5692255106f,9,0.0,2
5946aef2f810d5692255107c,9,0.0,1
5946aef2f810d56922551108,9,0.0,9
5946aef2f810d5692255110b,10,0.0,11
5946aef2f810d5692255111c,9,0.0,0
5946aef2f810d56922551138,9,0.0,1
5946aef2f810d5692255124d,9,0.0,9
5946aef2f810d56922551293,8,0.0,18
5946aef2f810d56922551426,9,0.0,13
5946aef2f810d56922551491,9,0.0,21
5946aef2f810d5692255149a,9,0.0,20
5946aef3f810d56922551921,10,0.0,13
5946af01f810d56922552060,8,0.0,19
5946af0af810d569225523e6,12,0.0,0
5946af0af810d56922552416,9,0.0,2
5946af1bf810d569225529c0,10,0.0,9
5946af1bf810d569225529c2,10,0.0,9
5946af36f810d569225531a8,9,0.0,0
5946af55f810d56922555375,9,0.0,8
5946af55f810d56922555377,9,0.0,9
5946af55f810d56922555378,9,0.0,9
5946afb6f810d569225582f8,8,0.0,16
5946afb7f810d569225583a8,10,0.0,3
5946afb7f810d569225583ab,10,0.0,2
5946afb7f810d569225583b1,10,0.0,0
5946afb7f810d569225583b2,10,0.0,1
5946afe3f810d569225591d4,8,0.0,16
5946afeff810d56922559753,11,0.0,2
5946afeff810d56922559834,11,0.0,0
5946afeff810d56922559835,11,0.0,0
5946afeff810d56922559853,11,0.0,2
5946afeff810d569225598a4,11,0.0,0
5946afeff810d569225598a8,11,0.0,0
5946afeff810d569225599a8,9,0.0,0
5946afeff810d569225599b2,9,0.0,0
5946afeff810d56922559a0e,11,0.0,0
5946afeff810d56922559a36,11,0.0,0
5946afeff810d56922559a37,11,0.0,2
5946b008f810d5692255b582,9,1.0,15
5946b008f810d5692255b5b8,9,1.0,14
5946b008f810d5692255b5ea,9,1.0,8
5946b008f810d5692255b608,9,1.0,8
5946b008f810d5692255b64c,9,1.0,12
5946b008f810d5692255b67d,9,1.0,7
5946b008f810d5692255b6ba,9,1.0,14
5946b008f810d5692255b788,9,0.0,0
5946b009f810d5692255b8b3,9,0.0,0
5946b009f810d5692255b8c5,9,0.0,8
5946b009f810d5692255b92b,10,0.0,9
5946b009f810d5692255b949,9,0.0,1
5946b009f810d5692255ba2e,10,0.0,0
5946b009f810d5692255baae,10,0.0,10
5946b009f810d5692255bac9,10,0.0,9
5946b009f810d5692255bad0,10,0.0,0
5946b009f810d5692255bae2,10,0.0,2
5946b009f810d5692255bae4,10,0.0,1
5946b009f810d5692255bafb,10,0.0,1
5946b009f810d5692255bb38,10,0.0,0
5946b009f810d5692255bb3c,10,0.0,1
5946b009f810d5692255bb44,10,0.0,0
5946b009f810d5692255bb9d,9,0.0,2
5946b009f810d5692255bbc3,9,0.0,8
5946b009f810d5692255bbc5,9,0.0,7
5946b009f810d5692255bc68,9,0.0,8
5946b009f810d5692255bc6d,9,0.0,9
5946b009f810d5692255bc6e,9,0.0,9
5946b009f810d5692255bc86,9,0.0,10
5946b009f810d5692255bd43,10,0.0,0
5946b009f810d5692255bd61,10,0.0,0
5946b009f810d5692255bd63,10,0.0,0
5946b009f810d5692255bd9a,11,0.0,1
5946b009f810d5692255bd9c,11,0.0,2
5946b009f810d5692255bda0,13,0.0,0
5946b009f810d5692255bde1,9,0.0,0
5946b009f810d5692255be16,12,0.0,0
5946b009f810d5692255be58,11,0.0,0
5946b009f810d5692255be5a,11,0.0,0
5946b009f810d5692255c01b,9,0.0,1
5946b009f810d5692255c021,9,0.0,2
5946b009f810d5692255c191,11,0.0,0
5946b009f810d5692255c27c,10,0.0,0
5946b00af810d5692255c5c2,12,0.0,0
5946b00af810d5692255c85f,9,0.0,16
5946b00af810d5692255c874,9,0.0,13
5946b00af810d5692255c876,9,0.0,15
5946b00af810d5692255c87c,9,0.0,16
5946b00af810d5692255c893,9,0.0,16
5946b00af810d5692255c896,9,0.0,15
5946b00af810d5692255ce05,11,0.0,5
5946b00af810d5692255cfb1,11,0.0,4
5946b00af810d5692255cfbb,11,0.0,4
5946b00af810d5692255cffd,9,0.0,1
5946b00af810d5692255cffe,9,0.0,1
5946b038f810d5692255dcf5,8,0.0,12
5946b064f810d5692255f1e6,8,0.0,16
5946b086f810d5692256065e,8,0.0,16
5946b086f810d56922560800,8,0.0,10
5946b086f810d5692256084b,8,0.0,8
5946b086f810d56922560877,9,0.0,20
5946b086f810d5692256087a,8,0.0,12
5946b086f810d56922560881,9,0.0,18
5946b086f810d56922560886,8,0.0,12
5946b086f810d56922560887,9,0.0,19
5946b093f810d56922561c1f,9,0.0,0
5946b09af810d56922561cc5,10,0.0,8
5946b130f810d56922564514,8,0.0,18
5946b130f810d56922564515,8,0.0,18
5946b130f810d5692256454a,8,0.0,17
5946b130f810d5692256455a,8,0.0,18
5946b15ff810d569225657bb,8,0.0,16
5946b15ff810d569225657e5,8,0.0,16
5946b15ff810d569225657e9,8,0.0,16
5946b15ff810d569225657fc,8,0.0,19
5946b15ff810d56922565808,8,0.0,15
5946b15ff810d56922565870,8,0.0,16
5946b15ff810d56922565954,8,0.0,16
5946b15ff810d5692256595d,8,0.0,16
5946b15ff810d56922565961,8,0.0,20
5946b15ff810d5692256596b,8,0.0,20
5946b15ff810d5692256598e,8,0.0,18
5946b15ff810d56922565999,8,0.0,21
5946b15ff810d5692256599a,8,0.0,17
5946b15ff810d569225659cb,8,0.0,19
5946b15ff810d569225659e8,8,0.0,20
5946b15ff810d569225659e9,8,0.0,16
5946b1e6f810d56922568fff,10,0.0,2
5946b1e7f810d569225693f6,10,0.0,1
5946b1e7f810d5692256944e,10,0.0,3
5946b1e7f810d5692256944f,10,0.0,3
5946b1e7f810d569225694bc,10,0.0,0
5946b1e7f810d569225694c9,10,0.0,1
5946b1e7f810d569225694cf,9,0.0,1
5946b1e7f810d569225694eb,9,0.0,1
5946b211f810d56922569dcb,9,0.0,0
5946b211f810d56922569e6c,9,0.0,8
5946b3bbf810d56922571b67,8,0.0,0
5946b46df810d569225757b7,9,0.0,1
5946b46df810d569225757bc,8,0.0,0
