clique,elem_max,conteggio,nodi,intrusi,amicizie mancanti,simmetrie mancanti
5946a576f810d56922436261,10,1,10,0,0.0,12
5946a576f810d5692243634a,9,1,9,0,0.0,3
5946a5f2f810d56922449994,9,2,9,0,0.0,9
5946a5f2f810d56922449e2b,8,2,8,0,0.0,2
5946a5f2f810d56922449e31,8,2,8,0,0.0,7
5946a5f2f810d56922449f38,8,2,8,0,0.0,2
5946a5f2f810d5692244a05a,8,2,8,0,0.0,7
5946a5f2f810d5692244a088,8,2,8,0,0.0,2
5946a5f2f810d5692244a08a,8,2,8,0,0.0,1
5946a5f2f810d5692244a0ef,8,2,8,0,0.0,0
5946a5f3f810d5692244a496,9,2,9,0,0.0,1
5946a5f3f810d5692244a4f8,9,2,9,0,0.0,0
5946a5f3f810d5692244a510,10,2,10,0,0.0,0
5946a5f3f810d5692244a529,10,2,10,0,0.0,0
5946a5f3f810d5692244a5b2,9,2,9,0,0.0,0
5946a5f3f810d5692244a5db,9,2,9,0,0.0,1
5946a5f3f810d5692244a639,9,2,9,0,0.0,9
5946a5f3f810d5692244a63d,9,2,9,0,0.0,7
5946a5f3f810d5692244a67f,9,2,9,0,0.0,6
5946a5f3f810d5692244a6be,9,1,9,0,0.0,9
5946a5f3f810d5692244a6d0,10,2,10,0,0.0,0
5946a5f3f810d5692244a754,10,1,10,0,0.0,0
5946a5f3f810d5692244a7e1,10,1,10,0,0.0,9
5946a5f3f810d5692244a8d6,8,2,8,0,0.0,7
5946a5f3f810d5692244a933,8,2,8,0,0.0,6
5946a5f3f810d5692244abcc,9,2,9,0,0.0,1
5946a5f3f810d5692244ad81,10,2,10,0,0.0,0
5946a5f3f810d5692244adbb,8,2,8,0,0.0,7
5946a5f3f810d5692244aebc,10,2,10,0,0.0,9
5946a5f3f810d5692244aed5,10,2,10,0,0.0,0
5946a5f3f810d5692244aee0,10,1,10,0,0.0,1
5946a5f3f810d5692244aef3,10,2,10,0,0.0,9
5946a5f3f810d5692244af4e,10,2,10,0,0.0,0
5946a5f3f810d5692244aff7,10,1,10,0,0.0,1
5946a5f3f810d5692244b006,10,2,10,0,0.0,10
5946a5f3f810d5692244b00c,10,2,10,0,0.0,1
5946a5f3f810d5692244b017,10,2,10,0,0.0,1
5946a5f3f810d5692244b02d,10,2,10,0,0.0,1
5946a5f3f810d5692244b02f,10,2,10,0,0.0,1
5946a5f3f810d5692244b051,10,2,10,0,0.0,9
5946a5f3f810d5692244b058,10,2,10,0,0.0,0
5946a5f4f810d5692244b0f3,10,2,10,0,0.0,0
5946a5f4f810d5692244b105,10,2,10,0,0.0,9
5946a5f4f810d5692244b10a,8,1,8,0,0.0,0
5946a5f4f810d5692244b115,10,2,10,0,0.0,0
5946a5f4f810d5692244b128,10,1,10,0,0.0,0
5946a5f4f810d5692244b152,10,2,10,0,0.0,9
5946a5f4f810d5692244b161,10,2,10,0,0.0,9
5946a5f4f810d5692244b163,10,2,10,0,0.0,1
5946a5f4f810d5692244b165,10,2,10,0,0.0,0
5946a675f810d56922460cd9,9,1,9,0,0.0,3
5946a6a2f810d56922465ccb,9,1,9,0,0.0,22
5946a6d3f810d56922471f58,8,1,8,0,0.0,0
5946a6dbf810d56922473380,10,1,10,0,0.0,0
5946a6dbf810d5692247339a,9,1,9,0,0.0,0
5946a72bf810d5692247dd4c,8,2,8,0,0.0,7
5946a72df810d5692247f290,8,3,8,0,0.0,5
5946a72df810d5692247f346,8,3,8,0,0.0,10
5946a72df810d5692247f428,9,3,9,0,0.0,12
5946a72df810d5692247f42d,9,3,9,0,0.0,4
5946a72df810d5692247f959,9,3,9,0,0.0,4
5946a72df810d5692247f965,9,3,9,0,0.0,4
5946a72df810d5692247f96b,9,3,9,0,0.0,11
5946a72ef810d5692247f9ac,9,3,9,0,0.0,11
5946a72ef810d5692247fb62,8,2,8,0,0.0,17
5946a72ef810d5692247fb7b,10,1,10,0,0.0,30
5946a72ff810d56922480c03,9,1,9,0,0.0,15
5946a72ff810d56922480c0e,9,2,9,0,0.0,19
5946a775f810d5692248dbce,10,1,10,0,0.0,4
5946a775f810d5692248dbd2,10,1,10,0,0.0,4
5946a775f810d5692248dbd6,10,1,10,0,0.0,4
5946a775f810d5692248dbe5,10,1,10,0,0.0,2
5946a790f810d5692248e7be,9,3,9,0,0.0,0
5946a790f810d5692248e7e1,10,1,10,0,0.0,3
5946a790f810d5692248e7e4,10,1,10,0,0.0,6
5946a790f810d5692248e812,8,1,8,0,0.0,3
5946a790f810d5692248e8b8,11,1,11,0,0.0,1
5946a790f810d5692248e901,9,2,9,0,0.0,2
5946a790f810d5692248e972,10,3,10,0,0.0,1
5946a790f810d5692248e985,9,1,9,0,0.0,0
5946a791f810d5692248eb6a,12,1,12,0,0.0,11
5946a791f810d5692248eb7b,11,1,11,0,0.0,13
5946a791f810d5692248ebce,12,1,12,0,0.0,13
5946a791f810d5692248ebe3,11,1,11,0,0.0,12
5946a797f810d5692248eef9,8,1,8,0,0.0,4
5946a797f810d5692248ef1e,11,1,11,0,0.0,1
5946a797f810d5692248ef20,11,1,11,0,0.0,1
5946a797f810d5692248ef2e,11,1,11,0,0.0,0
5946a797f810d5692248ef35,11,1,11,0,0.0,0
5946a797f810d5692248ef9c,8,1,8,0,0.0,1
5946a797f810d5692248ef9e,8,1,8,0,0.0,1
5946a797f810d5692248efbc,8,1,8,0,0.0,2
5946a797f810d5692248efbe,8,1,8,0,0.0,5
5946a84af810d569224a4c6b,11,1,11,0,0.0,2
5946a84af810d569224a4c7f,11,1,11,0,0.0,4
5946a84af810d569224a4c81,11,1,11,0,0.0,4
5946a84af810d569224a4c83,11,1,11,0,0.0,2
5946a84af810d569224a4cb6,10,1,10,0,0.0,1
5946a892f810d569224ab8db,11,1,11,0,0.0,4
5946a892f810d569224ab8ee,13,1,13,0,0.0,4
5946a892f810d569224ab8f2,13,1,13,0,0.0,5
5946a892f810d569224ab905,11,1,11,0,0.0,3
5946a892f810d569224ab907,11,1,11,0,0.0,4
5946a8b6f810d569224b2705,8,1,8,0,0.0,1
5946a8b6f810d569224b2706,8,1,8,0,0.0,3
5946a8b6f810d569224b28e6,8,1,8,0,0.0,1
5946a8b6f810d569224b292b,9,3,9,0,0.0,9
5946a8b6f810d569224b2934,8,1,8,0,0.0,7
5946a8b6f810d569224b2a10,8,1,8,0,0.0,7
5946a8b6f810d569224b2b5d,9,1,9,0,0.0,8
5946a8e4f810d569224b7c9b,9,1,9,0,0.0,4
5946a8e4f810d569224b7ca1,9,1,9,0,0.0,3
5946a8e4f810d569224b7d25,14,1,14,0,0.0,3
5946a8e4f810d569224b7d7f,10,1,10,0,0.0,4
5946a8f0f810d569224b894a,9,1,9,0,0.0,1
5946a8f1f810d569224b9368,10,3,10,0,0.0,20
5946a8f1f810d569224b9832,9,2,9,0,0.0,11
5946a8f1f810d569224b9b55,9,2,9,0,0.0,11
5946a8f2f810d569224ba4b0,8,3,8,0,0.0,2
5946a8f2f810d569224ba4b1,8,1,8,0,0.0,2
5946a8f2f810d569224ba535,12,1,12,0,0.0,15
5946a8f2f810d569224ba54b,10,3,10,0,0.0,18
5946a8f2f810d569224ba597,11,1,11,0,0.0,17
5946a8f2f810d569224ba804,11,1,11,0,0.0,15
5946a8f2f810d569224ba808,11,1,11,0,0.0,19
5946a8f2f810d569224ba869,12,1,12,0,0.0,15
5946a8f2f810d569224ba883,11,1,11,0,0.0,10
5946a8f2f810d569224ba9e9,11,1,11,0,0.0,19
5946a8f2f810d569224baa27,11,1,11,0,0.0,17
5946a8f2f810d569224baa2b,11,1,11,0,0.0,18
5946a8f3f810d569224bb0b0,11,1,11,0,0.0,15
5946a8f3f810d569224bb0b4,10,1,10,0,0.0,10
5946a8f3f810d569224bb26a,11,1,11,0,0.0,17
5946a8f3f810d569224bb26d,11,1,11,0,0.0,18
5946a8f3f810d569224bb489,11,1,11,0,0.0,17
5946a8f3f810d569224bb4d1,11,1,11,0,0.0,17
5946a8f3f810d569224bb518,11,1,11,0,0.0,18
5946a8f3f810d569224bb762,10,3,10,0,0.0,19
5946a8f3f810d569224bb78f,12,1,12,0,0.0,17
5946a8f3f810d569224bb954,12,1,12,0,0.0,2
5946a8f4f810d569224bbc69,11,1,11,0,0.0,10
5946a8f4f810d569224bbead,13,1,13,0,0.0,19
5946a8f4f810d569224bc0f6,11,1,11,0,0.0,17
5946a8f4f810d569224bc176,13,1,13,0,0.0,18
5946a8f4f810d569224bc17e,12,1,12,0,0.0,17
5946a8f4f810d569224bc183,12,1,12,0,0.0,25
5946a8f4f810d569224bc184,12,1,12,0,0.0,21
5946a8f4f810d569224bc420,14,1,14,0,0.0,14
5946a8f4f810d569224bc4fa,13,1,13,0,0.0,20
5946a8f4f810d569224bc506,13,1,13,0,0.0,27
5946a8f4f810d569224bc546,13,1,13,0,0.0,20
5946a8f4f810d569224bc54c,13,1,13,0,0.0,26
5946a8f4f810d569224bc580,13,1,13,0,0.0,20
5946a8f4f810d569224bc5ec,12,1,12,0,0.0,16
5946a8f4f810d569224bc60d,11,1,11,0,0.0,0
5946a8f4f810d569224bc660,13,1,13,0,0.0,0
5946a8f4f810d569224bc762,12,1,12,0,0.0,11
5946a8f4f810d569224bc77e,12,1,12,0,0.0,12
5946a8f4f810d569224bc80d,13,1,13,0,0.0,19
5946a8f4f810d569224bc864,13,1,13,0,0.0,18
5946a8f4f810d569224bc874,13,1,13,0,0.0,18
5946a8f5f810d569224bcc21,13,2,13,0,0.0,23
5946a8f5f810d569224bcc4b,13,3,13,0,0.0,23
5946a8f5f810d569224bcc54,11,3,11,0,0.0,21
5946a8f5f810d569224bcc65,11,1,11,0,0.0,0
5946a8f5f810d569224bcc94,10,1,10,0,0.0,11
5946a8f5f810d569224bccae,11,1,11,0,0.0,2
5946a8f5f810d569224bcfb8,11,1,11,0,0.0,12
5946a8f5f810d569224bcfe1,11,1,11,0,0.0,3
5946a8f5f810d569224bd001,11,1,11,0,0.0,2
5946a8f5f810d569224bd00c,11,1,11,0,0.0,11
5946a8f5f810d569224bd04b,11,1,11,0,0.0,12
5946a8f5f810d569224bd04c,11,1,11,0,0.0,12
5946a8f5f810d569224bd055,11,1,11,0,0.0,12
5946a8f5f810d569224bd0a0,13,1,13,0,0.0,17
5946a8f5f810d569224bd0a2,12,1,12,0,0.0,16
5946a8f5f810d569224bd19e,8,3,8,0,0.0,4
5946a8f5f810d569224bd20b,11,1,11,0,0.0,20
5946a8f5f810d569224bd22c,11,3,11,0,0.0,27
5946a8f5f810d569224bd293,10,2,10,0,0.0,18
5946a8f5f810d569224bd5c8,8,3,8,0,0.0,0
5946a8f5f810d569224bd5ef,10,2,10,0,0.0,9
5946a8f5f810d569224bd681,8,1,8,0,0.0,0
5946a8f5f810d569224bd6bc,8,3,8,0,0.0,0
5946a8f5f810d569224bd71f,10,1,10,0,0.0,2
5946a8f5f810d569224bd724,8,1,8,0,0.0,0
5946a8f5f810d569224bd756,8,1,8,0,0.0,0
5946a8f5f810d569224bd7b3,10,1,10,0,0.0,9
5946a8f5f810d569224bd7d7,10,1,10,0,0.0,1
5946a8f5f810d569224bd7d9,10,1,10,0,0.0,0
5946a8f5f810d569224bd7df,10,1,10,0,0.0,0
5946a8f5f810d569224bd858,11,1,11,0,0.0,3
5946a8f5f810d569224bd8e7,8,1,8,0,0.0,0
5946a8f5f810d569224bd8eb,10,1,10,0,0.0,2
5946a8f5f810d569224bd8f5,8,1,8,0,0.0,0
5946a8f5f810d569224bd924,10,1,10,0,0.0,1
5946a8f5f810d569224bd925,10,1,10,0,0.0,1
5946a8f6f810d569224bd93f,8,1,8,0,0.0,0
5946a8f6f810d569224bd941,8,1,8,0,0.0,0
5946a8f6f810d569224be2e5,11,1,11,0,0.0,8
5946a8f6f810d569224be2e7,11,1,11,0,0.0,8
5946a8f6f810d569224be5fa,11,3,11,0,0.0,26
5946a8f7f810d569224be63b,11,1,11,0,0.0,9
5946a8f7f810d569224be645,11,3,11,0,0.0,28
5946a8f7f810d569224be671,11,1,11,0,0.0,17
5946a8f7f810d569224be67d,10,3,10,0,0.0,20
5946a8f7f810d569224be69b,11,1,11,0,0.0,17
5946a8f7f810d569224be6a5,8,1,8,0,0.0,7
5946a8f7f810d569224be717,8,3,8,0,0.0,8
5946a8f7f810d569224be718,8,3,8,0,0.0,9
5946a8f7f810d569224be98e,9,1,9,0,0.0,13
5946a8f7f810d569224beb97,11,1,11,0,0.0,23
5946a8f7f810d569224bebba,11,3,11,0,0.0,28
5946a8f7f810d569224bebbc,11,1,11,0,0.0,23
5946a8f7f810d569224bebbe,11,3,11,0,0.0,28
5946a8f7f810d569224beca3,8,1,8,0,0.0,11
5946a8f7f810d569224bedb9,9,1,9,0,0.0,13
5946a8f7f810d569224bedbd,10,1,10,0,0.0,18
5946a8f7f810d569224bee56,10,1,10,0,0.0,18
5946a8f7f810d569224bee88,10,1,10,0,0.0,18
5946a8f7f810d569224beeba,9,1,9,0,0.0,11
5946a8f9f810d569224c09f1,11,3,11,0,0.0,26
5946a8f9f810d569224c0f08,13,1,13,0,0.0,2
5946a8f9f810d569224c0f09,13,1,13,0,0.0,0
5946a8faf810d569224c11a5,10,1,10,0,0.0,12
5946a8faf810d569224c11a6,10,1,10,0,0.0,11
5946a8faf810d569224c11d4,11,1,11,0,0.0,5
5946a8faf810d569224c11d5,11,1,11,0,0.0,5
5946a8faf810d569224c11d8,11,1,11,0,0.0,7
5946a8faf810d569224c11d9,11,1,11,0,0.0,6
5946a8fdf810d569224c4a95,10,1,10,0,0.0,10
5946a8fdf810d569224c4b40,11,3,11,0,0.0,26
5946a8fef810d569224c4bae,9,3,9,0,0.0,2
5946a8fef810d569224c5197,9,3,9,0,0.0,3
5946a8fff810d569224c5a76,9,2,9,0,0.0,9
5946a8fff810d569224c5aa2,9,2,9,0,0.0,7
5946a8fff810d569224c5c7d,9,1,9,0,0.0,0
5946a8fff810d569224c5c99,9,2,9,0,0.0,8
5946a8fff810d569224c5c9a,9,1,9,0,0.0,9
5946a8fff810d569224c5c9d,9,3,9,0,0.0,8
5946a8fff810d569224c5ca1,8,3,8,0,0.0,0
5946a8fff810d569224c5caf,9,1,9,0,0.0,0
5946a8fff810d569224c5cc7,9,3,9,0,0.0,7
5946a8fff810d569224c5cc9,9,1,9,0,0.0,0
5946a8fff810d569224c5ccd,9,3,9,0,0.0,0
5946a8fff810d569224c5d2b,8,2,8,0,0.0,8
5946a8fff810d569224c5d2c,8,1,8,0,0.0,8
5946a8fff810d569224c5d58,8,3,8,0,0.0,1
5946a8fff810d569224c5d73,8,3,8,0,0.0,1
5946a8fff810d569224c66d7,9,1,9,0,0.0,0
5946a906f810d569224c75a3,11,1,11,0,0.0,10
5946a906f810d569224c7ab0,8,1,8,0,0.0,17
5946aa1ef810d569224e82f8,9,1,9,0,0.0,1
5946aa20f810d569224e8339,9,3,9,0,0.0,0
5946aa20f810d569224e8343,9,3,9,0,0.0,0
5946aac0f810d569224f6559,10,3,10,0,0.0,10
5946aac0f810d569224f656e,10,1,10,0,0.0,10
5946aac0f810d569224f656f,10,1,10,0,0.0,11
5946aae0f810d569224f858a,9,1,9,0,0.0,0
5946ab06f810d569224fa67d,9,3,9,0,0.0,1
5946ab06f810d569224fa67e,9,3,9,0,0.0,0
5946ab06f810d569224fa71b,10,1,10,0,0.0,1
5946abb6f810d56922503c3a,8,1,8,0,0.0,4
5946abb7f810d56922504f2c,8,3,8,0,0.0,0
5946abb8f810d56922505242,8,3,8,0,0.0,0
5946abb8f810d56922505244,8,1,8,0,0.0,1
5946abb8f810d56922505328,8,2,8,0,0.0,7
5946abb8f810d5692250532a,8,1,8,0,0.0,8
5946abb8f810d56922505610,8,3,8,0,0.0,1
5946abdef810d56922506cd0,9,2,9,0,0.0,1
5946abdef810d56922506cd2,9,2,9,0,0.0,1
5946abdef810d56922506d6a,9,2,9,0,0.0,5
5946abdef810d56922506e55,9,2,9,0,0.0,9
5946abdef810d56922506e69,9,2,9,0,0.0,2
5946abdef810d56922506ea5,9,2,9,0,0.0,3
5946abdef810d56922507101,8,3,8,0,0.0,3
5946abdef810d56922507102,8,1,8,0,0.0,2
5946abdef810d56922507161,9,1,9,0,0.0,9
5946abdef810d56922507174,9,1,9,0,0.0,9
5946abdef810d5692250722c,9,1,9,0,0.0,1
5946abdff810d56922507296,9,1,9,0,0.0,0
5946abdff810d5692250733a,9,3,9,0,0.0,0
5946abdff810d56922507345,9,3,9,0,0.0,0
5946abdff810d5692250737d,9,3,9,0,0.0,7
5946abdff810d5692250738a,8,1,8,0,0.0,0
5946abdff810d5692250738b,8,1,8,0,0.0,0
5946abdff810d5692250738e,8,3,8,0,0.0,0
5946abdff810d56922507394,9,3,9,0,0.0,0
5946abdff810d5692250739e,9,3,9,0,0.0,8
5946abdff810d569225073a2,9,1,9,0,0.0,0
5946abdff810d569225073a9,9,3,9,0,0.0,0
5946abdff810d569225073c7,9,3,9,0,0.0,5
5946abdff810d569225073dc,9,2,9,0,0.0,9
5946abdff810d569225073dd,9,2,9,0,0.0,8
5946abdff810d569225073e4,9,2,9,0,0.0,2
5946abdff810d569225073e5,9,2,9,0,0.0,1
5946abdff810d569225073f0,9,3,9,0,0.0,0
5946abdff810d56922507566,9,1,9,0,0.0,9
5946abdff810d5692250756e,9,1,9,0,0.0,6
5946abdff810d56922507573,9,1,9,0,0.0,9
5946abdff810d56922507672,9,1,9,0,0.0,0
5946abdff810d56922507698,9,1,9,0,0.0,9
5946abdff810d569225076c1,9,1,9,0,0.0,8
5946abdff810d569225076de,9,1,9,0,0.0,0
5946abdff810d56922507780,8,1,8,0,0.0,1
5946abdff810d56922507913,9,1,9,0,0.0,9
5946abf5f810d56922508dab,11,2,11,0,0.0,2
5946abf5f810d56922508db4,10,1,10,0,0.0,0
5946abf5f810d56922508db8,9,3,9,0,0.0,0
5946abf5f810d56922508dc4,11,1,11,0,0.0,1
5946ac2cf810d5692250a451,10,1,10,0,0.0,2
5946ac2cf810d5692250a45e,10,1,10,0,0.0,1
5946ac2cf810d5692250a460,10,1,10,0,0.0,2
5946ac2cf810d5692250a465,11,1,11,0,0.0,1
5946ac2cf810d5692250a467,10,1,10,0,0.0,1
5946ac2cf810d5692250a48f,11,1,11,0,0.0,0
5946ac2cf810d5692250a49c,11,1,11,0,0.0,0
5946ac2cf810d5692250a4a9,10,1,10,0,0.0,0
5946ac2cf810d5692250a4af,10,1,10,0,0.0,4
5946ac2cf810d5692250a4b0,10,1,10,0,0.0,2
5946ac2cf810d5692250a4c4,10,1,10,0,0.0,2
5946ac9af810d5692250ddad,11,1,11,0,0.0,14
5946ac9af810d5692250ddaf,11,1,11,0,0.0,15
5946aca4f810d5692250e4bc,9,2,9,0,0.0,2
5946aca4f810d5692250e4cf,8,1,8,0,0.0,1
5946aca4f810d5692250e4d2,9,1,9,0,0.0,0
5946acc0f810d5692250f51a,9,2,9,0,0.0,1
5946acc1f810d569225109d5,8,3,8,0,0.0,0
5946acc1f810d569225109d9,8,1,8,0,0.0,1
5946acfef810d569225135c3,13,1,13,0,0.0,2
5946acfef810d569225135c7,11,1,11,0,0.0,0
5946acfef810d569225135c8,13,1,13,0,0.0,0
5946acfef810d569225135cd,11,1,11,0,0.0,1
5946acfef810d5692251363a,9,3,9,0,0.0,0
5946acfef810d5692251364b,8,1,8,0,0.0,0
5946acfef810d5692251368f,9,1,9,0,0.0,0
5946acfef810d56922513768,8,1,8,0,0.0,0
5946acfef810d56922513793,9,1,9,0,0.0,0
5946acfef810d569225137a9,9,1,9,0,0.0,0
5946acfef810d569225137b5,9,1,9,0,0.0,0
5946acfef810d569225137bb,9,1,9,0,0.0,1
5946acfef810d569225137c9,8,1,8,0,0.0,0
5946acfef810d569225137ca,8,1,8,0,0.0,0
5946acfef810d569225137fe,8,1,8,0,0.0,6
5946acfef810d5692251382b,8,1,8,0,0.0,0
5946acfef810d56922513837,8,1,8,0,0.0,0
5946acfef810d56922513838,8,1,8,0,0.0,0
5946acfef810d56922513892,8,1,8,0,0.0,1
5946acfef810d56922513893,8,1,8,0,0.0,1
5946acfef810d56922513906,8,1,8,0,0.0,6
5946acfef810d56922513957,9,1,9,0,0.0,0
5946acfef810d5692251395b,9,1,9,0,0.0,1
5946acfef810d5692251395c,8,1,8,0,0.0,7
5946acfef810d56922513962,9,1,9,0,0.0,8
5946acfef810d5692251396a,9,1,9,0,0.0,8
5946acfef810d5692251396b,9,1,9,0,0.0,8
5946acfef810d56922513978,8,1,8,0,0.0,0
5946acfef810d56922513983,9,1,9,0,0.0,1
5946acfef810d5692251398f,9,1,9,0,0.0,1
5946acfef810d56922513991,9,1,9,0,0.0,8
5946acfef810d56922513998,9,1,9,0,0.0,7
5946acfef810d5692251399a,9,1,9,0,0.0,0
5946acfef810d5692251399c,9,1,9,0,0.0,0
5946acfef810d569225139a0,9,1,9,0,0.0,8
5946acfef810d569225139a4,9,1,9,0,0.0,0
5946acfef810d569225139a5,9,1,9,0,0.0,0
5946acfef810d569225139b2,8,1,8,0,0.0,0
5946acfef810d569225139ba,9,1,9,0,0.0,8
5946acfef810d569225139bc,8,1,8,0,0.0,0
5946acfef810d569225139be,8,1,8,0,0.0,7
5946acfef810d569225139c5,9,1,9,0,0.0,0
5946acfef810d569225139c6,9,1,9,0,0.0,0
5946acfef810d569225139c8,9,1,9,0,0.0,8
5946acfef810d569225139c9,9,1,9,0,0.0,8
5946acfef810d569225139d0,9,1,9,0,0.0,0
5946acfff810d56922513c89,12,1,12,0,0.0,3
5946acfff810d56922513c8c,12,1,12,0,0.0,0
5946ad00f810d56922515548,11,1,11,0,0.0,0
5946ad00f810d56922515575,12,1,12,0,0.0,1
5946ad00f810d56922515588,11,1,11,0,0.0,1
5946ad00f810d569225155b0,10,1,10,0,0.0,0
5946ad00f810d569225155be,10,3,10,0,0.0,1
5946ad02f810d56922516790,9,3,9,0,0.0,8
5946ad02f810d569225167aa,10,1,10,0,0.0,1
5946ad02f810d569225167ae,10,3,10,0,0.0,1
5946ad02f810d56922516821,11,1,11,0,0.0,11
5946ad02f810d56922516d74,8,1,8,0,0.0,1
5946ad02f810d56922516f05,12,1,12,0,0.0,4
5946ad02f810d56922516f25,13,1,13,0,0.0,1
5946ad02f810d56922516f2d,13,1,13,0,0.0,1
5946ad02f810d56922516ff1,10,3,10,0,0.0,2
5946ad02f810d56922517035,10,3,10,0,0.0,11
5946ad03f810d5692251770c,9,1,9,0,0.0,1
5946ad03f810d56922517766,9,2,9,0,0.0,0
5946ad03f810d5692251777e,9,2,9,0,0.0,8
5946ad03f810d56922517783,9,1,9,0,0.0,0
5946ad03f810d569225179ae,10,1,10,0,0.0,9
5946ad03f810d569225179bf,10,1,10,0,0.0,9
5946ad03f810d569225179e0,11,1,11,0,0.0,1
5946ad03f810d569225179fb,11,1,11,0,0.0,2
5946ad03f810d56922517a62,8,3,8,0,0.0,0
5946ad03f810d56922517bb4,13,2,13,0,0.0,12
5946ad03f810d56922517bb5,12,1,12,0,0.0,10
5946ad03f810d56922517dbb,11,1,11,0,0.0,3
5946ad03f810d56922517e29,14,1,14,0,0.0,16
5946ad03f810d56922517e2a,13,1,13,0,0.0,14
5946ad03f810d56922517e37,11,1,11,0,0.0,12
5946ad03f810d56922517e7a,12,1,12,0,0.0,3
5946ad03f810d56922517eec,12,1,12,0,0.0,10
5946ad03f810d56922517f02,13,1,13,0,0.0,3
5946ad04f810d56922517fdb,11,1,11,0,0.0,12
5946ad04f810d56922517fe6,10,1,10,0,0.0,3
5946ad04f810d56922517ff2,10,1,10,0,0.0,3
5946ad04f810d569225181bc,10,1,10,0,0.0,4
5946ad04f810d569225181bf,10,1,10,0,0.0,3
5946ad04f810d569225181ee,8,1,8,0,0.0,0
5946ad04f810d56922518504,11,1,11,0,0.0,10
5946ad04f810d56922518857,12,1,12,0,0.0,11
5946ad04f810d569225189b9,11,2,11,0,0.0,2
5946ad05f810d56922518b74,14,1,14,0,0.0,15
5946ad05f810d56922519050,12,1,12,0,0.0,1
5946ad05f810d569225190ee,11,1,11,0,0.0,10
5946ad05f810d56922519437,14,1,14,0,0.0,14
5946ad05f810d569225194c5,11,1,11,0,0.0,0
5946ad05f810d569225194d6,12,1,12,0,0.0,1
5946ad05f810d56922519510,12,1,12,0,0.0,12
5946ad05f810d56922519574,9,1,9,0,0.0,0
5946ad05f810d56922519576,9,1,9,0,0.0,0
5946ad05f810d569225196e1,12,1,12,0,0.0,1
5946ad05f810d569225196f2,13,1,13,0,0.0,1
5946ad05f810d5692251972f,13,1,13,0,0.0,1
5946ad05f810d5692251976c,13,1,13,0,0.0,1
5946ad05f810d5692251976e,13,1,13,0,0.0,1
5946ad05f810d5692251978f,13,1,13,0,0.0,4
5946ad05f810d56922519791,13,1,13,0,0.0,4
5946ad05f810d569225197d4,12,1,12,0,0.0,1
5946ad05f810d569225197ec,13,1,13,0,0.0,13
5946ad05f810d56922519812,11,1,11,0,0.0,11
5946ad06f810d56922519b1b,11,2,11,0,0.0,21
5946ad06f810d56922519b1c,13,3,13,0,0.0,24
5946ad06f810d56922519b1d,11,3,11,0,0.0,21
5946ad06f810d5692251a24c,8,1,8,0,0.0,8
5946ad07f810d5692251a56f,10,3,10,0,0.0,1
5946ad07f810d5692251a572,10,1,10,0,0.0,1
5946ad07f810d5692251a573,10,3,10,0,0.0,1
5946ad07f810d5692251a5ad,9,3,9,0,0.0,0
5946ad07f810d5692251a6b4,10,1,10,0,0.0,1
5946ad07f810d5692251a6e9,10,1,10,0,0.0,8
5946ad07f810d5692251a755,10,1,10,0,0.0,0
5946ad07f810d5692251a762,9,1,9,0,0.0,0
5946ad07f810d5692251a77f,10,1,10,0,0.0,8
5946ad07f810d5692251a7fa,10,1,10,0,0.0,3
5946ad07f810d5692251a803,10,1,10,0,0.0,0
5946ad07f810d5692251b277,10,1,10,0,0.0,26
5946ad07f810d5692251b27a,10,1,10,0,0.0,23
5946ad08f810d5692251b414,11,1,11,0,0.0,30
5946ad08f810d5692251b436,10,1,10,0,0.0,26
5946ad08f810d5692251b4cb,11,1,11,0,0.0,25
5946ad08f810d5692251b4d1,10,1,10,0,0.0,23
5946ad08f810d5692251b4f9,11,1,11,0,0.0,5
5946ad08f810d5692251b53e,8,1,8,0,0.0,8
5946ad08f810d5692251b569,10,1,10,0,0.0,1
5946ad08f810d5692251c146,9,1,9,0,0.0,2
5946ad08f810d5692251c148,9,1,9,0,0.0,2
5946ad08f810d5692251c187,10,3,10,0,0.0,11
5946ad0af810d5692251d595,10,1,10,0,0.0,10
5946ad0af810d5692251d6ad,11,1,11,0,0.0,2
5946ad0af810d5692251d6b0,10,3,10,0,0.0,2
5946ad0af810d5692251d95a,11,1,11,0,0.0,18
5946ad0af810d5692251d95b,11,1,11,0,0.0,20
5946ad0af810d5692251d95d,11,1,11,0,0.0,25
5946ad0af810d5692251d961,11,1,11,0,0.0,18
5946ad0af810d5692251d962,11,1,11,0,0.0,24
5946ad0af810d5692251d963,11,1,11,0,0.0,25
5946ad0bf810d5692251e5d9,10,3,10,0,0.0,27
5946ad0bf810d5692251e81b,10,1,10,0,0.0,1
5946ad0bf810d5692251e837,11,2,11,0,0.0,1
5946ad0bf810d5692251eaaf,9,1,9,0,0.0,1
5946ad0bf810d5692251eb18,9,1,9,0,0.0,1
5946ad0cf810d5692251eb43,9,1,9,0,0.0,2
5946ad0cf810d5692251eb67,10,1,10,0,0.0,9
5946ad0cf810d5692251eb68,10,1,10,0,0.0,8
5946ad0cf810d5692251eb7a,10,1,10,0,0.0,0
5946ad0cf810d5692251ebe9,10,1,10,0,0.0,10
5946ad0cf810d5692251ec02,9,3,9,0,0.0,0
5946ad0cf810d5692251ec12,9,3,9,0,0.0,0
5946ad0cf810d5692251ec35,10,1,10,0,0.0,0
5946ad0cf810d5692251ec9c,10,3,10,0,0.0,11
5946ad0cf810d5692251ecb2,10,3,10,0,0.0,2
5946ad0cf810d5692251ecb4,10,1,10,0,0.0,1
5946ad0cf810d5692251ecd6,10,1,10,0,0.0,1
5946ad0cf810d5692251ed0c,10,3,10,0,0.0,1
5946ad0cf810d5692251ed66,10,1,10,0,0.0,0
5946ad0cf810d5692251f10f,11,3,11,0,0.0,1
5946ad0cf810d5692251f124,11,3,11,0,0.0,11
5946ad0cf810d5692251f144,10,1,10,0,0.0,0
5946ad0cf810d5692251f327,11,1,11,0,0.0,2
5946ad0cf810d5692251f328,10,1,10,0,0.0,10
5946ad0cf810d5692251f346,10,2,10,0,0.0,28
5946ad0cf810d5692251f36f,11,1,11,0,0.0,1
5946ad0cf810d5692251f385,11,1,11,0,0.0,11
5946ad0cf810d5692251f3d2,11,3,11,0,0.0,20
5946ad0cf810d5692251f680,10,3,10,0,0.0,19
5946ad0cf810d5692251f686,10,3,10,0,0.0,18
5946ad0df810d5692251f89f,12,1,12,0,0.0,17
5946ad0df810d5692251f8b5,12,1,12,0,0.0,16
5946ad0df810d5692251f8c7,12,1,12,0,0.0,17
5946ad0df810d5692251f8eb,12,1,12,0,0.0,17
5946ad0df810d5692251f8ed,12,1,12,0,0.0,17
5946ad0df810d5692251f90f,10,3,10,0,0.0,9
5946ad0df810d5692251f917,10,3,10,0,0.0,9
5946ad0df810d5692251f926,8,1,8,0,0.0,8
5946ad0df810d5692251fe36,9,1,9,0,0.0,1
5946ad0df810d56922520136,8,2,8,0,0.0,1
5946ad0df810d569225203fb,11,1,11,0,0.0,10
5946ad0df810d56922520402,11,1,11,0,0.0,0
5946ad0df810d56922520405,10,1,10,0,0.0,1
5946ad0df810d56922520420,12,1,12,0,0.0,11
5946ad0df810d56922520449,10,3,10,0,0.0,8
5946ad0df810d5692252044d,12,1,12,0,0.0,8
5946ad0ef810d569225204f9,11,1,11,0,0.0,1
5946ad0ef810d56922520501,12,1,12,0,0.0,2
5946ad0ef810d56922520504,12,1,12,0,0.0,12
5946ad0ef810d56922520525,10,3,10,0,0.0,1
5946ad0ef810d5692252052b,11,1,11,0,0.0,4
5946ad0ef810d5692252052d,10,3,10,0,0.0,3
5946ad0ef810d56922520534,10,3,10,0,0.0,1
5946ad0ef810d5692252055c,13,1,13,0,0.0,12
5946ad0ef810d569225206a2,11,1,11,0,0.0,1
5946ad0ef810d569225206a6,11,1,11,0,0.0,10
5946ad0ef810d569225206e0,12,1,12,0,0.0,15
5946ad0ef810d56922520718,10,1,10,0,0.0,1
5946ad0ef810d56922520730,8,1,8,0,0.0,1
5946ad0ef810d56922520731,8,1,8,0,0.0,1
5946ad0ef810d5692252075e,8,3,8,0,0.0,3
5946ad0ff810d569225216b5,10,1,10,0,0.0,2
5946ad25f810d5692252373c,9,1,9,0,0.0,8
5946ad25f810d56922523744,9,2,9,0,0.0,8
5946ad46f810d5692252513f,9,1,9,0,0.0,15
5946ad46f810d569225253f3,9,1,9,0,0.0,21
5946ad4ef810d569225272ed,8,3,8,0,0.0,2
5946ad4ef810d569225272fa,8,3,8,0,0.0,2
5946ad4ef810d569225277ed,11,1,11,0,0.0,15
5946ad4ef810d569225277fc,11,1,11,0,0.0,22
5946ad4ff810d56922527ee5,8,3,8,0,0.0,12
5946ad4ff810d56922528682,9,2,9,0,0.0,21
5946ad4ff810d5692252869a,9,2,9,0,0.0,23
5946ad73f810d5692252a50f,9,3,9,0,0.0,0
5946ad97f810d5692252d6ef,8,1,8,0,0.0,9
5946ad97f810d5692252db62,9,1,9,0,0.0,18
5946ad97f810d5692252dbd5,12,1,12,0,0.0,5
5946ad97f810d5692252dbd9,12,1,12,0,0.0,7
5946ad97f810d5692252dbf5,11,2,11,0,0.0,11
5946ad97f810d5692252dbf6,11,1,11,0,0.0,12
5946ad97f810d5692252dc63,12,1,12,0,0.0,6
5946ad97f810d5692252dd0a,12,1,12,0,0.0,19
5946ad97f810d5692252dd18,12,1,12,0,0.0,4
5946ad97f810d5692252dd1a,12,1,12,0,0.0,4
5946ad9bf810d5692253066b,9,1,9,0,0.0,3
5946ad9bf810d569225306c7,11,2,11,0,0.0,2
5946ad9bf810d56922530738,11,1,11,0,0.0,15
5946ad9bf810d56922530c2c,9,1,9,0,0.0,15
5946ae26f810d5692253832e,11,1,11,0,0.0,1
5946ae26f810d5692253832f,11,1,11,0,0.0,4
5946ae27f810d56922538524,8,1,8,0,0.0,0
5946ae28f810d569225386f1,8,1,8,0,0.0,1
5946ae2ff810d56922539d57,11,1,11,0,0.0,1
5946ae2ff810d56922539d5b,11,1,11,0,0.0,2
5946ae2ff810d56922539d60,11,1,11,0,0.0,1
5946ae2ff810d56922539d6d,12,1,12,0,0.0,5
5946ae2ff810d56922539d71,12,1,12,0,0.0,6
5946ae69f810d5692253dadd,9,1,9,0,0.0,1
5946ae90f810d5692253e992,10,1,10,0,0.0,1
5946ae92f810d5692253ea47,12,3,12,0,0.0,1
5946ae92f810d5692253ea54,12,1,12,0,0.0,1
5946ae92f810d5692253ea57,12,1,12,0,0.0,1
5946ae92f810d5692253ea58,12,1,12,0,0.0,1
5946ae9af810d5692253f2de,10,1,10,0,0.0,10
5946aeb8f810d56922540a7d,9,3,9,0,0.0,1
5946aec5f810d569225434f9,10,1,10,0,0.0,26
5946aec6f810d5692254379d,9,1,9,0,0.0,16
5946aec6f810d56922543a5a,10,1,10,0,0.0,25
5946aec6f810d56922543dd9,11,1,11,0,0.0,26
5946aec6f810d56922543fc6,11,2,11,0,0.0,27
5946aec6f810d5692254427a,11,3,11,0,0.0,26
5946aec9f810d5692254474a,11,1,11,0,0.0,4
5946aec9f810d5692254474b,11,1,11,0,0.0,3
5946aec9f810d56922544750,11,1,11,0,0.0,4
5946aec9f810d56922544751,11,1,11,0,0.0,3
5946aee6f810d569225467e6,11,1,11,0,0.0,1
5946aee6f810d56922546828,12,1,12,0,0.0,1
5946aee6f810d56922546939,10,1,10,0,0.0,10
5946aee6f810d56922546c7c,11,1,11,0,0.0,2
5946aee6f810d56922546c82,11,3,11,0,0.0,2
5946aee6f810d56922546e1c,11,1,11,0,0.0,4
5946aee6f810d56922547155,8,2,8,0,0.0,12
5946aee8f810d56922548181,10,1,10,0,0.0,1
5946aee8f810d569225481e1,12,1,12,0,0.0,2
5946aee8f810d569225481e6,12,1,12,0,0.0,4
5946aee8f810d569225481ef,12,1,12,0,0.0,2
5946aee8f810d56922548223,11,1,11,0,0.0,13
5946aee8f810d56922548277,12,1,12,0,0.0,7
5946aee8f810d5692254827c,12,1,12,0,0.0,9
5946aee8f810d56922548297,11,1,11,0,0.0,1
5946aee8f810d56922548298,11,1,11,0,0.0,4
5946aee8f810d5692254829a,11,1,11,0,0.0,4
5946aee8f810d569225482a2,11,1,11,0,0.0,3
5946aee8f810d569225482aa,11,3,11,0,0.0,11
5946aee8f810d569225482b1,11,1,11,0,0.0,1
5946aee8f810d569225482b3,11,3,11,0,0.0,1
5946aee8f810d569225482e4,12,1,12,0,0.0,3
5946aee8f810d5692254831f,12,1,12,0,0.0,3
5946aee8f810d56922548327,12,1,12,0,0.0,1
5946aee8f810d5692254832e,12,1,12,0,0.0,1
5946aee8f810d56922548333,12,1,12,0,0.0,2
5946aee8f810d56922548334,12,1,12,0,0.0,5
5946aee8f810d5692254837c,12,1,12,0,0.0,1
5946aee8f810d569225483af,11,1,11,0,0.0,3
5946aee8f810d569225483d3,12,1,12,0,0.0,3
5946aee8f810d569225483e1,12,1,12,0,0.0,14
5946aee8f810d56922548400,11,1,11,0,0.0,1
5946aee8f810d56922548401,11,1,11,0,0.0,5
5946aee8f810d56922548466,12,1,12,0,0.0,4
5946aee8f810d56922548495,12,1,12,0,0.0,15
5946aee8f810d56922548528,11,1,11,0,0.0,6
5946aee8f810d569225485eb,11,1,11,0,0.0,1
5946aee8f810d569225485f3,12,1,12,0,0.0,1
5946aee8f810d569225485f5,12,1,12,0,0.0,1
5946aee8f810d5692254860c,11,1,11,0,0.0,13
5946aee8f810d56922548616,12,1,12,0,0.0,12
5946aee8f810d5692254861c,12,1,12,0,0.0,19
5946aee8f810d56922548646,11,1,11,0,0.0,1
5946aee8f810d5692254864e,12,1,12,0,0.0,1
5946aee8f810d56922548651,12,1,12,0,0.0,1
5946aee8f810d56922548653,12,1,12,0,0.0,1
5946aee8f810d56922548664,10,1,10,0,0.0,2
5946aee8f810d56922548665,10,1,10,0,0.0,4
5946aee8f810d569225486df,11,1,11,0,0.0,3
5946aee8f810d569225486ef,11,1,11,0,0.0,5
5946aee8f810d569225487a5,12,1,12,0,0.0,1
5946aee8f810d569225487a8,12,1,12,0,0.0,1
5946aee8f810d56922548804,12,1,12,0,0.0,12
5946aee8f810d56922548811,10,1,10,0,0.0,1
5946aee8f810d5692254881e,10,1,10,0,0.0,3
5946aee8f810d56922548863,11,2,11,0,0.0,20
5946aee8f810d56922548864,11,3,11,0,0.0,20
5946aee8f810d5692254886e,11,1,11,0,0.0,11
5946aee8f810d56922548981,12,1,12,0,0.0,1
5946aee8f810d569225489c0,12,1,12,0,0.0,1
5946aee8f810d569225489c2,12,1,12,0,0.0,1
5946aee8f810d569225489f7,12,1,12,0,0.0,19
5946aee8f810d569225489fb,12,1,12,0,0.0,17
5946aee8f810d569225489fc,12,1,12,0,0.0,19
5946aee8f810d569225489ff,12,1,12,0,0.0,12
5946aee8f810d56922548a03,12,1,12,0,0.0,12
5946aee8f810d56922548a3f,12,1,12,0,0.0,1
5946aee8f810d56922548a50,12,1,12,0,0.0,1
5946aee8f810d56922548a7b,12,1,12,0,0.0,1
5946aee8f810d56922548a80,12,1,12,0,0.0,12
5946aee8f810d56922548a8b,12,1,12,0,0.0,12
5946aee8f810d56922548a8d,12,1,12,0,0.0,12
5946aee8f810d56922548ac3,12,1,12,0,0.0,19
5946aee8f810d56922548acf,12,1,12,0,0.0,19
5946aee8f810d56922548af7,12,1,12,0,0.0,1
5946aee8f810d56922548b13,12,1,12,0,0.0,2
5946aee8f810d56922548b39,12,1,12,0,0.0,1
5946aee9f810d56922548f04,11,1,11,0,0.0,4
5946aee9f810d56922548f22,11,1,11,0,0.0,4
5946aee9f810d56922548f2c,11,1,11,0,0.0,4
5946aee9f810d56922548f32,11,1,11,0,0.0,4
5946aee9f810d56922548f66,11,1,11,0,0.0,13
5946aee9f810d56922548fb0,12,1,12,0,0.0,3
5946aee9f810d56922549582,9,2,9,0,0.0,9
5946aee9f810d56922549606,11,1,11,0,0.0,1
5946aee9f810d5692254960a,11,3,11,0,0.0,1
5946aee9f810d569225498d2,9,1,9,0,0.0,9
5946aee9f810d569225498d4,9,2,9,0,0.0,9
5946aeecf810d5692254c605,9,1,9,0,0.0,24
5946aeecf810d5692254c60b,9,1,9,0,0.0,23
5946aeedf810d5692254cc9f,12,3,12,0,0.0,1
5946aeedf810d5692254ccb2,10,1,10,0,0.0,2
5946aef1f810d56922550781,10,1,10,0,0.0,1
5946aef1f810d5692255078c,11,1,11,0,0.0,1
5946aef1f810d56922550874,12,3,12,0,0.0,1
5946aef1f810d56922550884,12,3,12,0,0.0,1
5946aef1f810d56922550885,11,1,11,0,0.0,0
5946aef1f810d569225508b9,12,3,12,0,0.0,12
5946aef1f810d569225508d4,11,3,11,0,0.0,11
5946aef1f810d569225508d9,11,1,11,0,0.0,8
5946aef1f810d569225508e3,12,3,12,0,0.0,12
5946aef1f810d569225508f5,12,3,12,0,0.0,1
5946aef1f810d5692255092e,12,3,12,0,0.0,1
5946aef1f810d56922550972,12,3,12,0,0.0,1
5946aef1f810d56922550977,12,2,12,0,0.0,1
5946aef1f810d56922550997,12,3,12,0,0.0,12
5946aef1f810d569225509ba,12,1,12,0,0.0,12
5946aef1f810d569225509cc,11,1,11,0,0.0,2
5946aef2f810d56922550ade,11,1,11,0,0.0,20
5946aef2f810d56922550aff,10,1,10,0,0.0,11
5946aef2f810d56922550b0b,10,1,10,0,0.0,2
5946aef2f810d56922550ba2,11,1,11,0,0.0,20
5946aef2f810d56922550bfd,11,1,11,0,0.0,14
5946aef2f810d5692255106f,9,1,9,0,0.0,2
5946aef2f810d5692255107c,9,1,9,0,0.0,1
5946aef2f810d56922551108,9,1,9,0,0.0,9
5946aef2f810d5692255110b,10,3,10,0,0.0,11
5946aef2f810d5692255111c,9,3,9,0,0.0,0
5946aef2f810d56922551138,9,2,9,0,0.0,1
5946aef2f810d5692255124d,9,1,9,0,0.0,9
5946aef2f810d56922551491,9,1,9,0,0.0,21
5946aef2f810d5692255149a,9,1,9,0,0.0,20
5946aef3f810d56922551921,10,1,10,0,0.0,13
5946af0af810d56922552416,9,1,9,0,0.0,2
5946af1bf810d569225529c0,10,1,10,0,0.0,9
5946af1bf810d569225529c2,10,1,10,0,0.0,9
5946af55f810d56922555375,9,3,9,0,0.0,8
5946af55f810d56922555377,9,1,9,0,0.0,9
5946afb7f810d569225583a8,10,1,10,0,0.0,3
5946afb7f810d569225583ab,10,1,10,0,0.0,2
5946afb7f810d569225583b1,10,1,10,0,0.0,0
5946afb7f810d569225583b2,10,1,10,0,0.0,1
5946afeff810d56922559753,11,1,11,0,0.0,2
5946afeff810d56922559834,11,1,11,0,0.0,0
5946afeff810d56922559835,11,1,11,0,0.0,0
5946afeff810d56922559853,11,1,11,0,0.0,2
5946afeff810d569225598a4,11,3,11,0,0.0,0
5946afeff810d569225598a8,11,3,11,0,0.0,0
5946afeff810d56922559a0e,11,2,11,0,0.0,0
5946b008f810d5692255b788,9,3,9,0,0.0,0
5946b009f810d5692255b949,9,3,9,0,0.0,1
5946b009f810d5692255ba2e,10,3,10,0,0.0,0
5946b009f810d5692255baae,10,1,10,0,0.0,10
5946b009f810d5692255bac9,10,3,10,0,0.0,9
5946b009f810d5692255bad0,10,3,10,0,0.0,0
5946b009f810d5692255bae2,10,1,10,0,0.0,2
5946b009f810d5692255bae4,10,1,10,0,0.0,1
5946b009f810d5692255bafb,10,1,10,0,0.0,1
5946b009f810d5692255bb38,10,3,10,0,0.0,0
5946b009f810d5692255bb3c,10,3,10,0,0.0,1
5946b009f810d5692255bb9d,9,3,9,0,0.0,2
5946b009f810d5692255bbc3,9,1,9,0,0.0,8
5946b009f810d5692255bbc5,9,1,9,0,0.0,7
5946b009f810d5692255bc68,9,3,9,0,0.0,8
5946b009f810d5692255bc6d,9,3,9,0,0.0,9
5946b009f810d5692255bc6e,9,1,9,0,0.0,9
5946b009f810d5692255bc86,9,2,9,0,0.0,10
5946b009f810d5692255bd43,10,1,10,0,0.0,0
5946b009f810d5692255bd61,10,1,10,0,0.0,0
5946b009f810d5692255bd63,10,1,10,0,0.0,0
5946b009f810d5692255be58,11,1,11,0,0.0,0
5946b009f810d5692255be5a,11,1,11,0,0.0,0
5946b009f810d5692255c191,11,1,11,0,0.0,0
5946b00af810d5692255cfb1,11,1,11,0,0.0,4
5946b00af810d5692255cffd,9,3,9,0,0.0,1
5946b00af810d5692255cffe,9,1,9,0,0.0,1
5946b093f810d56922561c1f,9,1,9,0,0.0,0
5946b130f810d56922564514,8,1,8,0,0.0,18
5946b130f810d56922564515,8,1,8,0,0.0,18
5946b130f810d5692256454a,8,1,8,0,0.0,17
5946b130f810d5692256455a,8,1,8,0,0.0,18
5946b1e6f810d56922568fff,10,1,10,0,0.0,2
