com_id, Nodi, Conteggio, NumeroClique, intrusi, Soglia 1,Soglia 2,Soglia 3,Soglia 4,frs1,frs2,frs3,frs4
5a312bca5b7322713613d3e2,151,5,485,3,148,134,134,133,"0,9801324503","0,8874172185","0,8874172185","0,880794702"
5a312bad5b7322713613d375,148,3,497,3,145,132,129,129,"0,9797297297","0,8918918919","0,8716216216","0,8716216216"
5a312b395b7322713613cdca,145,5,498,1,143,130,128,128,"0,9862068966","0,8965517241","0,8827586207","0,8827586207"
5a312ba15b7322713613d2d1,145,5,460,1,143,132,132,132,"0,9862068966","0,9103448276","0,9103448276","0,9103448276"
5a3123b15b7322713613bcb8,144,3,697,1,143,135,133,132,"0,9930555556","0,9375","0,9236111111","0,9166666667"
5a31246a5b7322713613c15e,144,3,504,2,142,127,126,125,"0,9861111111","0,8819444444","0,875","0,8680555556"
5a312b825b7322713613d152,144,3,601,2,142,124,124,123,"0,9861111111","0,8611111111","0,8611111111","0,8541666667"
5a312ba15b7322713613d2d3,144,3,562,3,141,122,122,121,"0,9791666667","0,8472222222","0,8472222222","0,8402777778"
5a312ba65b7322713613d334,144,3,635,0,144,127,126,126,1,"0,8819444444","0,875","0,875"
5a312c685b7322713613d472,144,3,642,0,144,123,122,121,1,"0,8541666667","0,8472222222","0,8402777778"
5a3124215b7322713613bf38,144,4,507,1,143,128,128,127,"0,9930555556","0,8888888889","0,8888888889","0,8819444444"
5a312b965b7322713613d272,144,4,541,5,139,123,123,122,"0,9652777778","0,8541666667","0,8541666667","0,8472222222"
5a312ba65b7322713613d333,144,4,789,0,144,127,124,123,1,"0,8819444444","0,8611111111","0,8541666667"
5a3124895b7322713613c246,144,5,575,2,141,128,128,128,"0,9791666667","0,8888888889","0,8888888889","0,8888888889"
5a312b755b7322713613d036,144,6,786,0,143,129,128,128,"0,9930555556","0,8958333333","0,8888888889","0,8888888889"
5a3123fc5b7322713613be8f,143,3,458,1,142,130,130,129,"0,993006993","0,9090909091","0,9090909091","0,9020979021"
5a31241a5b7322713613bf0f,143,3,448,1,142,129,128,128,"0,993006993","0,9020979021","0,8951048951","0,8951048951"
5a3124455b7322713613c071,143,3,493,2,141,133,132,132,"0,986013986","0,9300699301","0,9230769231","0,9230769231"
5a312ba15b7322713613d2d6,143,3,429,1,142,125,124,122,"0,993006993","0,8741258741","0,8671328671","0,8531468531"
5a312ba65b7322713613d332,143,3,680,1,142,127,126,125,"0,993006993","0,8881118881","0,8811188811","0,8741258741"
5a3123ba5b7322713613bcfc,143,5,518,0,142,131,128,128,"0,993006993","0,9160839161","0,8951048951","0,8951048951"
5a312b695b7322713613cf5e,143,5,450,0,142,128,127,126,"0,993006993","0,8951048951","0,8881118881","0,8811188811"
5a312b8a5b7322713613d198,142,3,500,4,138,125,125,124,"0,9718309859","0,8802816901","0,8802816901","0,8732394366"
5a312bad5b7322713613d376,142,5,462,1,140,127,126,125,"0,985915493","0,8943661972","0,8873239437","0,8802816901"
5a3120565b7322713613b839,141,5,603,0,141,132,131,131,1,"0,9361702128","0,9290780142","0,9290780142"
5a312b965b7322713613d270,141,5,553,2,138,123,122,121,"0,9787234043","0,8723404255","0,865248227","0,8581560284"
5a312ba15b7322713613d2d5,141,5,496,2,138,122,121,120,"0,9787234043","0,865248227","0,8581560284","0,8510638298"
5a312ba45b7322713613d30d,141,5,408,0,140,127,125,125,"0,9929078014","0,9007092199","0,8865248227","0,8865248227"
5a3123f65b7322713613be6f,140,4,438,0,140,124,122,121,1,"0,8857142857","0,8714285714","0,8642857143"
5a311da05b7322713613b467,62,3,139,0,62,58,58,56,1,"0,935483871","0,935483871","0,9032258065"
5a2ac6545b73222015f92810,57,3,109,0,57,49,48,47,1,"0,8596491228","0,8421052632","0,8245614035"
5a2ac2065b73222015f90f24,56,5,109,1,55,48,48,48,"0,9821428571","0,8571428571","0,8571428571","0,8571428571"
5a2ac2d05b73222015f91ad7,51,5,134,0,51,41,40,40,1,"0,8039215686","0,7843137255","0,7843137255"
5a2ac2655b73222015f915e6,50,5,139,0,50,44,43,43,1,"0,88","0,86","0,86"
5a2ac29d5b73222015f917f6,48,3,104,0,48,43,42,42,1,"0,8958333333","0,875","0,875"
5a2ac69f5b73222015f92e1c,47,5,76,0,47,44,42,42,1,"0,9361702128","0,8936170213","0,8936170213"
5a2ac2c95b73222015f91a13,43,3,82,2,41,35,35,34,"0,9534883721","0,8139534884","0,8139534884","0,7906976744"
5a2ac6975b73222015f92d07,42,3,85,0,42,37,36,36,1,"0,880952381","0,8571428571","0,8571428571"
5a2acaf15b73222015f94138,42,5,102,1,41,40,40,40,"0,9761904762","0,9523809524","0,9523809524","0,9523809524"
5a2ac2bc5b73222015f91949,42,8,74,0,42,38,38,37,1,"0,9047619048","0,9047619048","0,880952381"
5a2ac6c15b73222015f930a7,41,3,83,0,41,36,36,36,1,"0,8780487805","0,8780487805","0,8780487805"
5a2ac6985b73222015f92d42,39,9,86,0,39,36,35,35,1,"0,9230769231","0,8974358974","0,8974358974"
5a2ac6835b73222015f92ba5,37,5,74,0,37,31,31,31,1,"0,8378378378","0,8378378378","0,8378378378"
5a2abc435b73222015f8ef63,35,4,54,0,35,31,30,30,1,"0,8857142857","0,8571428571","0,8571428571"
5a2ac2385b73222015f913c3,35,4,39,1,34,32,31,30,"0,9714285714","0,9142857143","0,8857142857","0,8571428571"
5a2ac2865b73222015f9171f,35,6,66,1,34,29,29,29,"0,9714285714","0,8285714286","0,8285714286","0,8285714286"
5a2ac6de5b73222015f93168,35,7,58,1,34,32,31,31,"0,9714285714","0,9142857143","0,8857142857","0,8857142857"
5a2ac2c65b73222015f919d5,34,5,41,1,33,30,30,30,"0,9705882353","0,8823529412","0,8823529412","0,8823529412"
5a2ac2835b73222015f9170d,34,6,86,0,33,27,27,27,"0,9705882353","0,7941176471","0,7941176471","0,7941176471"
5a2abbbf5b73222015f8ea7d,34,9,43,0,34,34,34,34,1,1,1,1
5a2ac2a15b73222015f91876,34,10,48,0,34,31,30,29,1,"0,9117647059","0,8823529412","0,8529411765"
5a2ac2835b73222015f91706,33,6,40,0,33,30,30,30,1,"0,9090909091","0,9090909091","0,9090909091"
5a2ac2c55b73222015f919bf,33,7,60,0,33,31,31,31,1,"0,9393939394","0,9393939394","0,9393939394"
5a2ac2335b73222015f91360,33,8,42,0,33,27,26,26,1,"0,8181818182","0,7878787879","0,7878787879"
5a2ac24f5b73222015f914fe,33,9,75,0,33,31,30,29,1,"0,9393939394","0,9090909091","0,8787878788"
5a2ab9f75b73222015f8d873,32,5,26,0,32,30,30,29,1,"0,9375","0,9375","0,90625"
5a2abb835b73222015f8e867,32,7,35,0,32,28,28,28,1,"0,875","0,875","0,875"
5a2abc755b73222015f8f1fb,32,9,44,0,32,30,30,30,1,"0,9375","0,9375","0,9375"
5a2ac6505b73222015f92784,31,5,35,0,31,29,29,29,1,"0,935483871","0,935483871","0,935483871"
5a2abe8d5b73222015f8fe6f,31,6,61,0,30,27,26,26,"0,9677419355","0,8709677419","0,8387096774","0,8387096774"
5a2abbbe5b73222015f8ea6f,30,5,46,1,29,27,27,27,"0,9666666667","0,9","0,9","0,9"
5a2abc235b73222015f8ee2a,30,7,54,0,30,23,23,23,1,"0,7666666667","0,7666666667","0,7666666667"
5a2ac1cc5b73222015f90c49,30,9,51,1,29,24,23,23,"0,9666666667","0,8","0,7666666667","0,7666666667"
5a2abc885b73222015f8f378,29,5,49,1,28,26,26,26,"0,9655172414","0,8965517241","0,8965517241","0,8965517241"
5a2ac29e5b73222015f91805,29,5,40,0,29,25,25,25,1,"0,8620689655","0,8620689655","0,8620689655"
5a2ac29f5b73222015f91826,29,7,33,1,28,23,23,22,"0,9655172414","0,7931034483","0,7931034483","0,7586206897"
5a2ac2bc5b73222015f91924,29,7,68,1,28,26,26,26,"0,9655172414","0,8965517241","0,8965517241","0,8965517241"
5a2a24af5b73222015f7fb89,28,6,18,0,28,26,25,25,1,"0,9285714286","0,8928571429","0,8928571429"
5a2abbed5b73222015f8ec36,28,6,33,0,28,26,26,26,1,"0,9285714286","0,9285714286","0,9285714286"
5a2a5ae15b73222015f84423,27,5,19,0,27,23,23,23,1,"0,8518518519","0,8518518519","0,8518518519"
5a2ab9f15b73222015f8d821,27,5,26,0,27,24,24,24,1,"0,8888888889","0,8888888889","0,8888888889"
5a2ab9fa5b73222015f8d8ba,27,5,29,0,27,25,25,25,1,"0,9259259259","0,9259259259","0,9259259259"
5a2abb125b73222015f8e5ef,27,5,28,0,27,26,26,26,1,"0,962962963","0,962962963","0,962962963"
5a2abbb95b73222015f8ea39,27,5,31,0,27,23,22,22,1,"0,8518518519","0,8148148148","0,8148148148"
5a2abbac5b73222015f8e9dc,27,8,25,0,27,25,25,25,1,"0,9259259259","0,9259259259","0,9259259259"
5a2abc125b73222015f8ed84,27,9,32,0,27,22,21,21,1,"0,8148148148","0,7777777778","0,7777777778"
5a2aac875b73222015f88447,26,5,25,0,26,22,22,22,1,"0,8461538462","0,8461538462","0,8461538462"
5a2abbb05b73222015f8ea16,26,5,26,0,26,23,23,23,1,"0,8846153846","0,8846153846","0,8846153846"
5a2abc715b73222015f8f185,26,5,29,0,26,22,22,22,1,"0,8461538462","0,8461538462","0,8461538462"
5a2aba635b73222015f8dcde,26,7,43,0,25,21,21,21,"0,9615384615","0,8076923077","0,8076923077","0,8076923077"
5a2ab4fe5b73222015f8ba80,25,5,30,0,25,23,22,21,1,"0,92","0,88","0,84"
5a2ab9f25b73222015f8d833,25,6,26,0,25,23,23,22,1,"0,92","0,92","0,88"
5a2abbd45b73222015f8eb48,25,6,25,0,25,22,21,21,1,"0,88","0,84","0,84"
5a2aba7d5b73222015f8de00,25,7,32,1,24,22,21,21,"0,96","0,88","0,84","0,84"
5a2ab8b25b73222015f8cbcc,25,8,34,0,25,24,23,23,1,"0,96","0,92","0,92"
5a29ef285b73222015f7a973,25,10,13,0,25,23,23,23,1,"0,92","0,92","0,92"
5a2abc7e5b73222015f8f2e4,25,11,26,0,25,23,22,22,1,"0,92","0,88","0,88"
5a2abc7c5b73222015f8f2a7,24,1,23,0,24,24,24,23,1,1,1,"0,9583333333"
5a2ac69c5b73222015f92dcd,24,4,29,0,24,22,22,22,1,"0,9166666667","0,9166666667","0,9166666667"
5a2abc695b73222015f8f119,24,5,30,0,24,21,20,20,1,"0,875","0,8333333333","0,8333333333"
5a2ac27e5b73222015f916d0,24,7,25,0,24,23,23,23,1,"0,9583333333","0,9583333333","0,9583333333"
5a312c5e5b7322713613d465,23,1,15,0,23,18,16,15,1,"0,7826086957","0,6956521739","0,652173913"
5a312c5e5b7322713613d466,23,1,17,0,23,17,16,14,1,"0,7391304348","0,6956521739","0,6086956522"
5a2abb9a5b73222015f8e8ee,23,8,23,0,23,21,19,19,1,"0,9130434783","0,8260869565","0,8260869565"
5a2abac05b73222015f8e191,23,9,24,0,23,20,20,20,1,"0,8695652174","0,8695652174","0,8695652174"
5a2abb705b73222015f8e7c6,23,11,24,0,23,23,22,22,1,1,"0,9565217391","0,9565217391"
5a2abbc05b73222015f8ea99,23,12,25,0,23,20,20,20,1,"0,8695652174","0,8695652174","0,8695652174"
5a2ab30a5b73222015f8aba3,23,13,23,0,23,20,19,18,1,"0,8695652174","0,8260869565","0,7826086957"
5a312c705b7322713613d482,22,4,13,0,22,19,17,17,1,"0,8636363636","0,7727272727","0,7727272727"
5a2abd3e5b73222015f8f7a3,22,5,28,0,22,20,20,20,1,"0,9090909091","0,9090909091","0,9090909091"
5a2a61735b73222015f84964,22,6,26,0,22,19,19,19,1,"0,8636363636","0,8636363636","0,8636363636"
5a2aba6f5b73222015f8dd6a,22,6,19,0,22,21,21,21,1,"0,9545454545","0,9545454545","0,9545454545"
5a2abb9f5b73222015f8e961,22,6,27,0,22,20,20,20,1,"0,9090909091","0,9090909091","0,9090909091"
5a2ac23a5b73222015f913ed,22,8,25,0,22,22,22,21,1,1,1,"0,9545454545"
5a2ab4925b73222015f8b70b,22,9,17,0,22,21,21,21,1,"0,9545454545","0,9545454545","0,9545454545"
5a2abb005b73222015f8e512,22,9,17,0,22,21,21,21,1,"0,9545454545","0,9545454545","0,9545454545"
5a2ab9595b73222015f8d257,21,1,17,0,21,16,14,13,1,"0,7619047619","0,6666666667","0,619047619"
5a2abbf25b73222015f8ec6f,21,4,20,0,21,21,21,20,1,1,1,"0,9523809524"
5a2abc595b73222015f8f064,21,5,18,0,21,18,18,18,1,"0,8571428571","0,8571428571","0,8571428571"
5a2abd615b73222015f8f867,21,6,29,0,21,20,20,20,1,"0,9523809524","0,9523809524","0,9523809524"
5a2ac2505b73222015f91511,21,6,25,0,21,18,18,18,1,"0,8571428571","0,8571428571","0,8571428571"
5a2abbd15b73222015f8eb23,21,7,23,0,21,20,20,20,1,"0,9523809524","0,9523809524","0,9523809524"
5a2ac2c55b73222015f919c6,21,7,28,0,21,19,19,19,1,"0,9047619048","0,9047619048","0,9047619048"
5a2ac23c5b73222015f91412,21,8,18,0,21,20,20,20,1,"0,9523809524","0,9523809524","0,9523809524"
5a2ab1a45b73222015f8a001,21,9,20,0,21,21,21,21,1,1,1,1
5a2abbdc5b73222015f8eb9a,21,11,20,0,21,21,21,21,1,1,1,1
5a2abbe85b73222015f8ec08,21,11,27,0,21,21,21,21,1,1,1,1
5a2a72cd5b73222015f85633,20,1,13,0,20,12,12,11,1,"0,6","0,6","0,55"
5a2abaf25b73222015f8e42d,20,1,21,0,20,17,16,16,1,"0,85","0,8","0,8"
5a312c2c5b7322713613d425,20,1,12,0,20,18,17,16,1,"0,9","0,85","0,8"
5a2abd045b73222015f8f576,20,2,22,0,20,18,18,18,1,"0,9","0,9","0,9"
5a2ac29e5b73222015f91810,20,3,22,0,20,17,17,17,1,"0,85","0,85","0,85"
5a2ab51b5b73222015f8bbe7,20,4,11,0,20,17,14,14,1,"0,85","0,7","0,7"
5a312b965b7322713613d281,20,4,22,1,18,15,13,12,"0,9","0,75","0,65","0,6"
5a2abd285b73222015f8f69d,20,5,23,0,20,17,17,17,1,"0,85","0,85","0,85"
5a2ac2365b73222015f913a6,20,6,22,0,20,18,18,18,1,"0,9","0,9","0,9"
5a2ac2cc5b73222015f91a66,20,7,26,0,20,18,18,18,1,"0,9","0,9","0,9"
5a2ab9e05b73222015f8d721,20,8,16,0,20,17,17,17,1,"0,85","0,85","0,85"
5a29cc595b73222015f71af7,20,9,9,0,20,20,20,18,1,1,1,"0,9"
5a2a36a45b73222015f814c8,20,9,20,0,20,18,18,18,1,"0,9","0,9","0,9"
5a2ab2cf5b73222015f8a98d,20,9,18,0,20,18,18,18,1,"0,9","0,9","0,9"
5a2aba0c5b73222015f8d96d,20,9,18,0,20,19,19,19,1,"0,95","0,95","0,95"
5a2abbb15b73222015f8ea1e,20,9,13,0,20,18,18,18,1,"0,9","0,9","0,9"
5a2abc5b5b73222015f8f072,20,9,23,1,19,17,17,17,"0,95","0,85","0,85","0,85"
5a2abc605b73222015f8f0c4,20,9,16,0,20,20,20,20,1,1,1,1
5a29dc0d5b73222015f76f27,20,10,13,0,20,19,19,19,1,"0,95","0,95","0,95"
5a2abac55b73222015f8e1d7,20,12,26,1,19,18,17,17,"0,95","0,9","0,85","0,85"
5a2a82535b73222015f8605a,19,1,12,0,19,17,16,16,1,"0,8947368421","0,8421052632","0,8421052632"
5a29e0cd5b73222015f78089,19,5,10,0,19,18,18,18,1,"0,9473684211","0,9473684211","0,9473684211"
5a2a4a6e5b73222015f8317b,19,5,13,0,19,18,17,17,1,"0,9473684211","0,8947368421","0,8947368421"
5a2a99805b73222015f86f97,19,6,24,1,18,16,16,16,"0,9473684211","0,8421052632","0,8421052632","0,8421052632"
5a2ab39b5b73222015f8b060,19,6,20,0,19,16,15,15,1,"0,8421052632","0,7894736842","0,7894736842"
5a2abae75b73222015f8e392,19,6,16,0,19,18,17,17,1,"0,9473684211","0,8947368421","0,8947368421"
5a2ab9145b73222015f8ce61,19,7,9,0,19,17,17,17,1,"0,8947368421","0,8947368421","0,8947368421"
5a2ab9945b73222015f8d500,19,7,14,0,19,17,15,15,1,"0,8947368421","0,7894736842","0,7894736842"
5a2abc7d5b73222015f8f2bc,19,7,16,0,19,17,17,17,1,"0,8947368421","0,8947368421","0,8947368421"
5a2abc835b73222015f8f35c,19,7,15,1,18,18,18,18,"0,9473684211","0,9473684211","0,9473684211","0,9473684211"
5a29cc705b73222015f71b8a,19,8,10,0,19,18,18,18,1,"0,9473684211","0,9473684211","0,9473684211"
5a2ab4a15b73222015f8b7cf,19,8,13,0,19,17,17,17,1,"0,8947368421","0,8947368421","0,8947368421"
5a2abbaf5b73222015f8ea06,19,8,14,0,19,19,19,19,1,1,1,1
5a29d1cd5b73222015f7466a,19,9,12,0,19,17,17,16,1,"0,8947368421","0,8947368421","0,8421052632"
5a2a51bd5b73222015f83a7e,19,9,14,0,19,19,19,18,1,1,1,"0,9473684211"
5a2abb9c5b73222015f8e921,19,9,15,0,19,19,19,19,1,1,1,1
5a2abc155b73222015f8edb9,19,9,15,0,19,18,18,18,1,"0,9473684211","0,9473684211","0,9473684211"
5a2abd325b73222015f8f712,19,9,18,1,18,16,15,15,"0,9473684211","0,8421052632","0,7894736842","0,7894736842"
5a2abd325b73222015f8f72a,19,9,8,0,19,19,19,19,1,1,1,1
5a29ef725b73222015f7aa1e,19,10,11,0,19,18,18,18,1,"0,9473684211","0,9473684211","0,9473684211"
5a2abb0a5b73222015f8e5b2,19,10,17,0,19,18,18,18,1,"0,9473684211","0,9473684211","0,9473684211"
5a2abb695b73222015f8e759,19,10,10,0,19,17,17,17,1,"0,8947368421","0,8947368421","0,8947368421"
5a2a6ef85b73222015f8538e,19,11,15,0,19,19,18,18,1,1,"0,9473684211","0,9473684211"
5a2abe9c5b73222015f8fea3,19,13,15,0,19,18,18,18,1,"0,9473684211","0,9473684211","0,9473684211"
5a2abdfc5b73222015f8fa2c,19,15,9,0,19,17,16,16,1,"0,8947368421","0,8421052632","0,8421052632"
5a2aba995b73222015f8dfb9,18,4,13,0,18,18,17,17,1,1,"0,9444444444","0,9444444444"
5a2ab4fe5b73222015f8ba6e,18,5,9,0,18,16,15,14,1,"0,8888888889","0,8333333333","0,7777777778"
5a2abd9f5b73222015f8f916,18,5,17,0,18,17,17,17,1,"0,9444444444","0,9444444444","0,9444444444"
5a2abb0b5b73222015f8e5c8,18,6,17,0,18,15,15,15,1,"0,8333333333","0,8333333333","0,8333333333"
5a29e32c5b73222015f787e2,18,7,13,0,18,17,17,16,1,"0,9444444444","0,9444444444","0,8888888889"
5a2a1d3f5b73222015f7f090,18,7,15,0,18,17,17,17,1,"0,9444444444","0,9444444444","0,9444444444"
5a2a932d5b73222015f86afb,18,7,16,0,18,16,16,16,1,"0,8888888889","0,8888888889","0,8888888889"
5a2ab5165b73222015f8bba6,18,7,14,0,18,16,16,16,1,"0,8888888889","0,8888888889","0,8888888889"
5a2abb095b73222015f8e599,18,7,18,0,18,14,14,14,1,"0,7777777778","0,7777777778","0,7777777778"
5a2abd605b73222015f8f85f,18,7,14,0,18,16,16,16,1,"0,8888888889","0,8888888889","0,8888888889"
5a2ab2fa5b73222015f8aaaf,18,8,11,0,18,17,17,17,1,"0,9444444444","0,9444444444","0,9444444444"
5a2abc295b73222015f8ee6d,18,8,11,0,18,16,16,16,1,"0,8888888889","0,8888888889","0,8888888889"
5a2abc5d5b73222015f8f092,18,8,16,0,18,17,17,17,1,"0,9444444444","0,9444444444","0,9444444444"
5a2ab30a5b73222015f8aba2,18,9,10,0,18,16,15,15,1,"0,8888888889","0,8333333333","0,8333333333"
5a2abc765b73222015f8f218,18,9,14,0,18,18,18,18,1,1,1,1
5a2abae75b73222015f8e383,18,10,17,0,18,18,18,18,1,1,1,1
5a29df515b73222015f77a92,18,11,10,0,18,18,18,18,1,1,1,1
5a2ab9f85b73222015f8d88e,18,11,15,0,18,18,17,17,1,1,"0,9444444444","0,9444444444"
5a2aab605b73222015f87f6b,18,13,9,0,18,16,15,15,1,"0,8888888889","0,8333333333","0,8333333333"
5a2aacc35b73222015f88516,17,1,10,0,17,14,12,10,1,"0,8235294118","0,7058823529","0,5882352941"
5a2abab05b73222015f8e0c2,17,4,17,0,17,15,15,15,1,"0,8823529412","0,8823529412","0,8823529412"
5a2abbe65b73222015f8ebef,17,5,10,0,17,16,16,16,1,"0,9411764706","0,9411764706","0,9411764706"
5a29c4205b73222015f6e0ef,17,6,6,0,17,17,17,17,1,1,1,1
5a2aaba15b73222015f88164,17,6,12,0,17,16,15,15,1,"0,9411764706","0,8823529412","0,8823529412"
5a2ab1805b73222015f89f23,17,6,16,1,16,16,16,16,"0,9411764706","0,9411764706","0,9411764706","0,9411764706"
5a2abd545b73222015f8f7f3,17,6,9,0,17,16,16,16,1,"0,9411764706","0,9411764706","0,9411764706"
5a2ac2d15b73222015f91ae6,17,6,14,0,17,14,14,14,1,"0,8235294118","0,8235294118","0,8235294118"
5a2aba735b73222015f8dda6,17,7,14,0,17,17,17,17,1,1,1,1
5a2abc805b73222015f8f31b,17,7,10,1,16,14,14,14,"0,9411764706","0,8235294118","0,8235294118","0,8235294118"
5a2aab4f5b73222015f87ec0,17,8,13,0,17,16,15,15,1,"0,9411764706","0,8823529412","0,8823529412"
5a2abc7b5b73222015f8f287,17,8,19,0,17,17,16,16,1,1,"0,9411764706","0,9411764706"
5a2abd315b73222015f8f6f6,17,8,8,0,17,17,16,16,1,1,"0,9411764706","0,9411764706"
5a2abd5f5b73222015f8f847,17,8,9,0,17,16,16,16,1,"0,9411764706","0,9411764706","0,9411764706"
5a2abd6b5b73222015f8f8a2,17,8,19,0,17,15,15,15,1,"0,8823529412","0,8823529412","0,8823529412"
5a2a498a5b73222015f8306e,17,9,6,0,17,15,15,15,1,"0,8823529412","0,8823529412","0,8823529412"
5a2abb925b73222015f8e8be,17,9,9,0,17,16,16,16,1,"0,9411764706","0,9411764706","0,9411764706"
5a2abbaf5b73222015f8e9fe,17,9,9,0,17,17,17,17,1,1,1,1
5a2abbbf5b73222015f8ea76,17,9,13,0,17,16,16,16,1,"0,9411764706","0,9411764706","0,9411764706"
5a2abbd95b73222015f8eb5d,17,9,13,0,17,15,15,15,1,"0,8823529412","0,8823529412","0,8823529412"
5a2abc4c5b73222015f8efb9,17,9,16,1,16,16,16,16,"0,9411764706","0,9411764706","0,9411764706","0,9411764706"
5a2a1ec75b73222015f7f2af,17,10,8,0,17,15,14,14,1,"0,8823529412","0,8235294118","0,8235294118"
5a2a31745b73222015f80ca8,17,10,10,0,17,16,16,16,1,"0,9411764706","0,9411764706","0,9411764706"
5a2ab4c45b73222015f8b8db,17,10,6,0,17,17,17,17,1,1,1,1
5a2abd585b73222015f8f815,17,10,13,0,17,14,14,14,1,"0,8235294118","0,8235294118","0,8235294118"
5a2abe485b73222015f8fbe0,17,10,15,0,17,15,15,15,1,"0,8823529412","0,8823529412","0,8823529412"
5a312b685b7322713613cf45,17,10,19,0,16,13,13,13,"0,9411764706","0,7647058824","0,7647058824","0,7647058824"
5a29dfa25b73222015f77c30,17,11,9,0,17,15,14,14,1,"0,8823529412","0,8235294118","0,8235294118"
5a2aab645b73222015f87faf,17,11,11,0,17,17,16,16,1,1,"0,9411764706","0,9411764706"
5a2abd6f5b73222015f8f8b2,17,11,17,0,17,15,15,15,1,"0,8823529412","0,8823529412","0,8823529412"
5a29bf915b73222015f6cd66,17,12,5,0,17,15,15,15,1,"0,8823529412","0,8823529412","0,8823529412"
5a2abdfe5b73222015f8fa3c,17,12,10,0,17,16,16,16,1,"0,9411764706","0,9411764706","0,9411764706"
5a2ac2cb5b73222015f91a31,17,12,8,0,17,16,16,16,1,"0,9411764706","0,9411764706","0,9411764706"
5a29c3875b73222015f6de47,17,15,6,1,16,16,16,16,"0,9411764706","0,9411764706","0,9411764706","0,9411764706"
5a2abc7b5b73222015f8f280,16,3,11,0,16,13,13,13,1,"0,8125","0,8125","0,8125"
5a312b6f5b7322713613cf7f,16,4,9,0,16,15,15,15,1,"0,9375","0,9375","0,9375"
5a2abb9f5b73222015f8e971,16,5,5,0,16,14,14,14,1,"0,875","0,875","0,875"
5a2abc295b73222015f8ee74,16,6,9,0,16,15,14,14,1,"0,9375","0,875","0,875"
5a2ac3695b73222015f91ba6,16,6,6,0,16,14,14,14,1,"0,875","0,875","0,875"
5a312b695b7322713613cf5d,16,6,6,0,16,14,14,14,1,"0,875","0,875","0,875"
5a29f60d5b73222015f7b91f,16,7,9,0,16,16,16,16,1,1,1,1
5a2aa96c5b73222015f87aa9,16,7,11,0,16,15,15,15,1,"0,9375","0,9375","0,9375"
5a2abc0c5b73222015f8ed68,16,7,13,0,16,15,15,15,1,"0,9375","0,9375","0,9375"
5a2ab0d95b73222015f89aa1,16,9,10,0,16,16,16,15,1,1,1,"0,9375"
5a2abc215b73222015f8edf9,16,9,16,0,16,14,14,14,1,"0,875","0,875","0,875"
5a2abc5e5b73222015f8f09d,16,9,11,0,16,14,14,14,1,"0,875","0,875","0,875"
5a2abc9a5b73222015f8f3ff,16,9,6,0,16,15,13,13,1,"0,9375","0,8125","0,8125"
5a2aaec45b73222015f88e8d,16,10,13,0,16,15,15,15,1,"0,9375","0,9375","0,9375"
5a2abb9d5b73222015f8e949,16,10,5,0,16,15,15,15,1,"0,9375","0,9375","0,9375"
5a29c07a5b73222015f6cff1,16,11,5,0,16,16,16,16,1,1,1,1
5a2abc535b73222015f8f01f,16,11,9,0,16,14,13,13,1,"0,875","0,8125","0,8125"
5a29cbea5b73222015f71880,16,13,5,0,16,16,16,16,1,1,1,1
5a2aab915b73222015f880c0,16,13,8,0,16,16,15,15,1,1,"0,9375","0,9375"
5a29c0d35b73222015f6d09d,16,15,5,0,16,16,16,16,1,1,1,1
5a2ab3f25b73222015f8b33c,16,15,10,0,16,16,16,16,1,1,1,1
5a2abb9f5b73222015f8e969,16,15,6,0,16,16,16,16,1,1,1,1
5a29c0d35b73222015f6d09a,16,16,5,0,16,15,15,15,1,"0,9375","0,9375","0,9375"
5a2aadaf5b73222015f887f9,15,5,7,0,15,14,14,14,1,"0,9333333333","0,9333333333","0,9333333333"
5a2a68f05b73222015f84f34,15,6,10,0,15,14,14,14,1,"0,9333333333","0,9333333333","0,9333333333"
5a29e0ad5b73222015f78007,15,7,6,0,15,13,13,13,1,"0,8666666667","0,8666666667","0,8666666667"
5a2abaab5b73222015f8e07c,15,7,8,1,14,14,14,14,"0,9333333333","0,9333333333","0,9333333333","0,9333333333"
5a2abd595b73222015f8f81d,15,7,8,0,15,14,14,14,1,"0,9333333333","0,9333333333","0,9333333333"
5a2abe435b73222015f8fba0,15,7,10,0,15,14,14,14,1,"0,9333333333","0,9333333333","0,9333333333"
5a312b725b7322713613d009,15,7,11,0,15,15,15,15,1,1,1,1
5a29c0025b73222015f6cef4,15,9,4,0,15,14,14,14,1,"0,9333333333","0,9333333333","0,9333333333"
5a29c80a5b73222015f6fae8,15,9,5,0,15,13,13,13,1,"0,8666666667","0,8666666667","0,8666666667"
5a2a8be35b73222015f8662d,15,9,5,0,15,15,15,14,1,1,1,"0,9333333333"
5a2ab3215b73222015f8acbc,15,9,9,0,15,14,14,14,1,"0,9333333333","0,9333333333","0,9333333333"
5a2ab9935b73222015f8d4f8,15,9,5,0,15,15,15,15,1,1,1,1
5a2abc7f5b73222015f8f2fa,15,9,15,0,15,14,14,14,1,"0,9333333333","0,9333333333","0,9333333333"
5a2abd2b5b73222015f8f6ae,15,9,10,0,15,15,15,15,1,1,1,1
5a29c0025b73222015f6cef6,15,10,4,0,15,15,15,15,1,1,1,1
5a29c1935b73222015f6d244,15,10,4,0,15,14,14,14,1,"0,9333333333","0,9333333333","0,9333333333"
5a29c3875b73222015f6de46,15,10,4,0,15,15,15,15,1,1,1,1
5a2a37cd5b73222015f81656,15,10,8,0,15,13,13,13,1,"0,8666666667","0,8666666667","0,8666666667"
5a2a90945b73222015f86894,15,10,7,0,15,14,14,14,1,"0,9333333333","0,9333333333","0,9333333333"
5a2ab3fc5b73222015f8b36d,15,10,6,0,15,14,14,14,1,"0,9333333333","0,9333333333","0,9333333333"
5a2ab4975b73222015f8b768,15,10,7,0,15,13,13,13,1,"0,8666666667","0,8666666667","0,8666666667"
5a2aba3d5b73222015f8daba,15,10,5,0,15,15,15,15,1,1,1,1
5a2aba6e5b73222015f8dd57,15,10,4,0,15,14,14,14,1,"0,9333333333","0,9333333333","0,9333333333"
5a2abb9d5b73222015f8e941,15,10,7,0,15,14,14,14,1,"0,9333333333","0,9333333333","0,9333333333"
5a2abd595b73222015f8f825,15,10,11,0,15,15,15,15,1,1,1,1
5a2abe605b73222015f8fcd8,15,10,5,0,15,15,15,14,1,1,1,"0,9333333333"
5a29c3a95b73222015f6dec7,15,11,4,0,15,15,15,15,1,1,1,1
5a29cd2b5b73222015f72021,15,11,4,0,15,15,15,15,1,1,1,1
5a29d4335b73222015f756be,15,11,6,0,15,14,14,14,1,"0,9333333333","0,9333333333","0,9333333333"
5a29fc645b73222015f7c1fa,15,11,7,0,15,14,13,13,1,"0,9333333333","0,8666666667","0,8666666667"
5a2abe275b73222015f8fb21,15,11,6,0,15,13,13,13,1,"0,8666666667","0,8666666667","0,8666666667"
5a2abe635b73222015f8fd03,15,11,10,1,14,13,13,13,"0,9333333333","0,8666666667","0,8666666667","0,8666666667"
5a2a59f95b73222015f84328,15,12,8,0,15,15,15,15,1,1,1,1
5a2abbef5b73222015f8ec4f,15,12,8,0,15,12,12,12,1,"0,8","0,8","0,8"
5a2abc325b73222015f8eebf,15,12,10,0,15,14,13,13,1,"0,9333333333","0,8666666667","0,8666666667"
5a29c3a95b73222015f6deca,15,13,4,0,15,15,15,15,1,1,1,1
5a2ab4c75b73222015f8b8f8,15,13,7,0,15,15,15,15,1,1,1,1
5a2abc955b73222015f8f3e6,15,14,8,0,15,14,13,13,1,"0,9333333333","0,8666666667","0,8666666667"
5a2ab4fe5b73222015f8ba88,15,15,7,0,15,15,15,15,1,1,1,1
5a29d4815b73222015f75888,15,17,6,0,15,15,15,15,1,1,1,1
5a2a72cd5b73222015f85634,14,1,7,0,14,8,8,8,1,"0,5714285714","0,5714285714","0,5714285714"
5a2abc755b73222015f8f1e6,14,4,8,0,14,13,12,12,1,"0,9285714286","0,8571428571","0,8571428571"
5a2abd775b73222015f8f8ed,14,4,10,0,14,12,12,12,1,"0,8571428571","0,8571428571","0,8571428571"
5a2a0b195b73222015f7d726,14,5,5,0,14,12,12,12,1,"0,8571428571","0,8571428571","0,8571428571"
5a2a15665b73222015f7e5b9,14,5,10,0,14,13,13,13,1,"0,9285714286","0,9285714286","0,9285714286"
5a2abbee5b73222015f8ec44,14,5,9,0,14,12,12,12,1,"0,8571428571","0,8571428571","0,8571428571"
5a2abc135b73222015f8ed9d,14,5,7,0,14,12,12,12,1,"0,8571428571","0,8571428571","0,8571428571"
5a312b755b7322713613d034,14,5,7,0,14,13,12,12,1,"0,9285714286","0,8571428571","0,8571428571"
5a312b7a5b7322713613d03d,14,5,5,0,14,13,13,13,1,"0,9285714286","0,9285714286","0,9285714286"
5a312b7c5b7322713613d086,14,5,4,0,14,12,12,12,1,"0,8571428571","0,8571428571","0,8571428571"
5a29c80a5b73222015f6fae9,14,6,4,0,14,14,14,14,1,1,1,1
5a2a5aa85b73222015f843e5,14,6,6,0,14,13,13,12,1,"0,9285714286","0,9285714286","0,8571428571"
5a2aae5b5b73222015f88bd6,14,6,7,0,14,13,13,13,1,"0,9285714286","0,9285714286","0,9285714286"
5a2ab1d75b73222015f8a294,14,6,6,0,14,13,13,13,1,"0,9285714286","0,9285714286","0,9285714286"
5a2ab51b5b73222015f8bbef,14,6,5,0,14,12,12,12,1,"0,8571428571","0,8571428571","0,8571428571"
5a29cd205b73222015f71fe0,14,7,4,0,14,14,14,14,1,1,1,1
5a2a3dd25b73222015f81f9f,14,7,7,0,14,14,14,14,1,1,1,1
5a2a933c5b73222015f86b12,14,7,5,0,14,13,13,13,1,"0,9285714286","0,9285714286","0,9285714286"
5a2aafcc5b73222015f89433,14,7,11,0,14,11,11,11,1,"0,7857142857","0,7857142857","0,7857142857"
5a2abd6f5b73222015f8f8aa,14,7,6,0,14,13,11,11,1,"0,9285714286","0,7857142857","0,7857142857"
5a29d4bd5b73222015f759d8,14,8,5,0,14,14,14,13,1,1,1,"0,9285714286"
5a2aaec45b73222015f88e8e,14,8,9,0,14,13,13,13,1,"0,9285714286","0,9285714286","0,9285714286"
5a2abe0b5b73222015f8fa9a,14,8,6,0,14,13,13,13,1,"0,9285714286","0,9285714286","0,9285714286"
5a29cc085b73222015f71964,14,9,3,0,14,14,14,13,1,1,1,"0,9285714286"
5a29cf1a5b73222015f72f48,14,9,4,0,14,13,10,10,1,"0,9285714286","0,7142857143","0,7142857143"
5a2abe695b73222015f8fd2f,14,9,12,0,14,13,13,13,1,"0,9285714286","0,9285714286","0,9285714286"
5a29c4c65b73222015f6e50f,14,10,2,0,14,13,13,13,1,"0,9285714286","0,9285714286","0,9285714286"
5a29cd025b73222015f71f39,14,10,4,0,14,13,13,13,1,"0,9285714286","0,9285714286","0,9285714286"
5a29ce035b73222015f72647,14,10,2,0,14,14,14,12,1,1,1,"0,8571428571"
5a2a3a1f5b73222015f81a19,14,10,6,0,14,14,14,14,1,1,1,1
5a2ab12f5b73222015f89cb3,14,10,5,0,14,14,13,13,1,1,"0,9285714286","0,9285714286"
5a2abae85b73222015f8e3a7,14,10,6,0,14,12,12,12,1,"0,8571428571","0,8571428571","0,8571428571"
5a2abb4e5b73222015f8e71f,14,10,5,0,14,12,12,11,1,"0,8571428571","0,8571428571","0,7857142857"
5a2abd0b5b73222015f8f5bc,14,10,8,0,14,13,13,13,1,"0,9285714286","0,9285714286","0,9285714286"
5a2abd585b73222015f8f80d,14,10,4,0,14,14,14,14,1,1,1,1
5a2abe505b73222015f8fc34,14,10,8,0,14,13,13,13,1,"0,9285714286","0,9285714286","0,9285714286"
5a29cc345b73222015f71a45,14,11,4,0,14,13,13,12,1,"0,9285714286","0,9285714286","0,8571428571"
5a29d1615b73222015f74266,14,11,4,0,14,14,14,14,1,1,1,1
5a29d5205b73222015f75ba3,14,11,5,0,14,14,14,14,1,1,1,1
5a29f6925b73222015f7ba12,14,11,6,0,14,13,10,10,1,"0,9285714286","0,7142857143","0,7142857143"
5a2a52b05b73222015f83b71,14,11,5,0,14,14,14,14,1,1,1,1
5a2aab2c5b73222015f87e07,14,11,7,0,14,12,11,11,1,"0,8571428571","0,7857142857","0,7857142857"
5a2abbfa5b73222015f8eccc,14,11,8,0,14,13,13,13,1,"0,9285714286","0,9285714286","0,9285714286"
5a2abdfd5b73222015f8fa34,14,11,5,0,14,13,13,13,1,"0,9285714286","0,9285714286","0,9285714286"
5a2abe705b73222015f8fd42,14,11,5,0,14,13,13,13,1,"0,9285714286","0,9285714286","0,9285714286"
5a2abe815b73222015f8fdea,14,11,4,0,14,13,13,13,1,"0,9285714286","0,9285714286","0,9285714286"
5a29c42a5b73222015f6e115,14,12,3,0,14,13,13,13,1,"0,9285714286","0,9285714286","0,9285714286"
5a2ab08b5b73222015f89824,14,12,5,0,14,13,13,13,1,"0,9285714286","0,9285714286","0,9285714286"
5a2ab1595b73222015f89dbc,14,12,9,0,14,13,13,13,1,"0,9285714286","0,9285714286","0,9285714286"
5a2abb2b5b73222015f8e67a,14,12,5,0,14,14,14,14,1,1,1,1
5a2abea05b73222015f8fed8,14,12,8,0,14,14,14,14,1,1,1,1
5a29c7d95b73222015f6f9c3,14,14,4,0,14,13,13,13,1,"0,9285714286","0,9285714286","0,9285714286"
5a2ab3095b73222015f8ab8d,14,14,6,0,14,14,13,13,1,1,"0,9285714286","0,9285714286"
5a29cc055b73222015f7193e,14,15,4,0,14,14,14,14,1,1,1,1
5a29efb95b73222015f7aac3,14,15,2,0,14,13,13,13,1,"0,9285714286","0,9285714286","0,9285714286"
5a2a16ff5b73222015f7e829,14,15,6,0,14,14,14,14,1,1,1,1
5a2abe785b73222015f8fd78,14,15,6,0,14,14,14,14,1,1,1,1
5a29df495b73222015f77a69,14,17,4,0,14,13,12,10,1,"0,9285714286","0,8571428571","0,7142857143"
5a2a85845b73222015f8626f,13,1,6,0,13,11,10,8,1,"0,8461538462","0,7692307692","0,6153846154"
5a2a85845b73222015f86271,13,1,6,0,13,11,10,9,1,"0,8461538462","0,7692307692","0,6923076923"
5a2a85845b73222015f86272,13,1,6,0,13,11,9,8,1,"0,8461538462","0,6923076923","0,6153846154"
5a2a8c1a5b73222015f86690,13,1,6,0,13,8,6,6,1,"0,6153846154","0,4615384615","0,4615384615"
5a2aacc65b73222015f8852b,13,1,6,0,13,8,6,6,1,"0,6153846154","0,4615384615","0,4615384615"
5a312b7e5b7322713613d0d1,13,3,3,0,13,13,12,12,1,1,"0,9230769231","0,9230769231"
5a2a46e45b73222015f82caa,13,4,4,0,13,13,13,13,1,1,1,1
5a2abd095b73222015f8f596,13,5,5,0,13,11,10,10,1,"0,8461538462","0,7692307692","0,7692307692"
5a2abe535b73222015f8fc6c,13,5,5,1,12,10,10,10,"0,9230769231","0,7692307692","0,7692307692","0,7692307692"
5a312b825b7322713613d151,13,5,6,0,13,12,12,12,1,"0,9230769231","0,9230769231","0,9230769231"
5a29e6f65b73222015f793a7,13,6,3,0,13,13,13,13,1,1,1,1
5a2a482c5b73222015f82e8b,13,6,4,0,13,12,12,12,1,"0,9230769231","0,9230769231","0,9230769231"
5a2aa8d75b73222015f87a22,13,6,7,0,13,13,13,13,1,1,1,1
5a2abc235b73222015f8ee1f,13,6,7,0,13,13,13,13,1,1,1,1
5a2abe485b73222015f8fbe8,13,6,5,0,13,12,12,12,1,"0,9230769231","0,9230769231","0,9230769231"
5a29d4b45b73222015f759ab,13,7,4,0,13,12,12,12,1,"0,9230769231","0,9230769231","0,9230769231"
5a2a01485b73222015f7c9f5,13,7,5,0,13,11,11,11,1,"0,8461538462","0,8461538462","0,8461538462"
5a2a57bc5b73222015f840ff,13,7,4,0,13,12,12,12,1,"0,9230769231","0,9230769231","0,9230769231"
5a2a8a625b73222015f8653f,13,7,5,1,12,11,11,11,"0,9230769231","0,8461538462","0,8461538462","0,8461538462"
5a2aae6d5b73222015f88c70,13,7,5,0,13,11,11,11,1,"0,8461538462","0,8461538462","0,8461538462"
5a2ab0b65b73222015f8999a,13,7,6,0,13,13,13,13,1,1,1,1
5a2abc545b73222015f8f047,13,7,8,0,13,11,10,10,1,"0,8461538462","0,7692307692","0,7692307692"
5a2abdf95b73222015f8fa03,13,7,6,1,12,11,11,11,"0,9230769231","0,8461538462","0,8461538462","0,8461538462"
5a312b805b7322713613d129,13,7,5,0,13,13,13,13,1,1,1,1
5a29ccda5b73222015f71e43,13,8,3,0,13,12,12,12,1,"0,9230769231","0,9230769231","0,9230769231"
5a2aab655b73222015f87fba,13,8,6,0,13,13,12,11,1,1,"0,9230769231","0,8461538462"
5a2ab3655b73222015f8ae93,13,8,4,0,13,13,13,13,1,1,1,1
5a2abbbf5b73222015f8ea92,13,8,5,0,13,13,13,13,1,1,1,1
5a2abbfc5b73222015f8ecda,13,8,8,0,13,11,11,11,1,"0,8461538462","0,8461538462","0,8461538462"
5a2abe595b73222015f8fca0,13,8,5,0,13,12,12,12,1,"0,9230769231","0,9230769231","0,9230769231"
5a29c4135b73222015f6e0b7,13,9,2,0,13,13,13,13,1,1,1,1
5a29c80a5b73222015f6faec,13,9,3,0,13,13,13,13,1,1,1,1
5a29cee35b73222015f72d32,13,9,3,0,13,13,13,12,1,1,1,"0,9230769231"
5a29f1b35b73222015f7aebc,13,9,2,0,13,13,13,13,1,1,1,1
5a2aac5c5b73222015f883ac,13,9,7,1,12,12,12,11,"0,9230769231","0,9230769231","0,9230769231","0,8461538462"
5a2aad0e5b73222015f8862c,13,9,6,0,13,12,12,12,1,"0,9230769231","0,9230769231","0,9230769231"
5a2ab4d05b73222015f8b92a,13,9,4,0,13,11,11,11,1,"0,8461538462","0,8461538462","0,8461538462"
5a29c7465b73222015f6f6f1,13,10,3,0,13,12,12,12,1,"0,9230769231","0,9230769231","0,9230769231"
5a29cf695b73222015f731cd,13,10,3,0,13,11,11,11,1,"0,8461538462","0,8461538462","0,8461538462"
5a29e04d5b73222015f77eae,13,10,4,0,13,13,13,13,1,1,1,1
5a2ab09c5b73222015f898ca,13,10,5,0,13,13,13,13,1,1,1,1
5a2ab1bd5b73222015f8a15f,13,10,5,0,13,12,12,12,1,"0,9230769231","0,9230769231","0,9230769231"
5a2ab39c5b73222015f8b083,13,10,4,0,13,13,12,12,1,1,"0,9230769231","0,9230769231"
5a2abaaa5b73222015f8e075,13,10,8,0,13,13,13,13,1,1,1,1
5a2abb0a5b73222015f8e5a7,13,10,10,0,13,11,11,11,1,"0,8461538462","0,8461538462","0,8461538462"
5a2abd655b73222015f8f885,13,10,5,0,13,12,12,12,1,"0,9230769231","0,9230769231","0,9230769231"
5a29c0025b73222015f6cef7,13,11,2,0,13,13,13,13,1,1,1,1
5a29d26c5b73222015f74b14,13,11,4,0,13,11,11,11,1,"0,8461538462","0,8461538462","0,8461538462"
5a29d4335b73222015f756bf,13,11,4,0,13,12,12,12,1,"0,9230769231","0,9230769231","0,9230769231"
5a2aabd85b73222015f88237,13,11,8,0,13,13,13,13,1,1,1,1
5a2aac735b73222015f883ed,13,11,6,0,13,12,12,12,1,"0,9230769231","0,9230769231","0,9230769231"
5a2ab3805b73222015f8afaf,13,11,8,0,13,13,12,11,1,1,"0,9230769231","0,8461538462"
5a2ab3de5b73222015f8b29e,13,11,5,0,13,11,11,11,1,"0,8461538462","0,8461538462","0,8461538462"
5a2ab4fe5b73222015f8ba78,13,11,9,0,13,12,11,11,1,"0,9230769231","0,8461538462","0,8461538462"
5a2abb705b73222015f8e7bc,13,11,6,0,13,13,13,13,1,1,1,1
5a2abc275b73222015f8ee5f,13,11,6,0,13,13,13,13,1,1,1,1
5a2abe595b73222015f8fc98,13,11,5,0,13,13,13,13,1,1,1,1
5a2abea05b73222015f8fed9,13,11,6,0,13,13,13,13,1,1,1,1
5a29df435b73222015f779fe,13,12,3,0,13,12,10,9,1,"0,9230769231","0,7692307692","0,6923076923"
5a2a24ae5b73222015f7fb5d,13,12,5,0,13,11,10,10,1,"0,8461538462","0,7692307692","0,7692307692"
5a2a94475b73222015f86be4,13,12,7,0,13,12,12,12,1,"0,9230769231","0,9230769231","0,9230769231"
5a2ab25d5b73222015f8a579,13,12,6,2,11,11,11,11,"0,8461538462","0,8461538462","0,8461538462","0,8461538462"
5a2abc9b5b73222015f8f40f,13,12,4,0,13,12,12,12,1,"0,9230769231","0,9230769231","0,9230769231"
5a2a4b025b73222015f83223,13,13,5,0,13,13,12,12,1,1,"0,9230769231","0,9230769231"
5a2abb2b5b73222015f8e680,13,13,4,0,13,13,13,13,1,1,1,1
5a29c76f5b73222015f6f7cd,13,14,3,0,13,12,12,12,1,"0,9230769231","0,9230769231","0,9230769231"
5a2ab0995b73222015f8989d,13,14,5,0,13,12,11,11,1,"0,9230769231","0,8461538462","0,8461538462"
5a2ab2fc5b73222015f8aadd,13,14,4,0,13,13,12,12,1,1,"0,9230769231","0,9230769231"
5a2abe515b73222015f8fc46,13,14,8,0,13,12,11,11,1,"0,9230769231","0,8461538462","0,8461538462"
5a29c3b65b73222015f6df0d,13,15,2,0,13,13,13,13,1,1,1,1
5a29c7045b73222015f6f57c,13,15,3,0,13,13,13,12,1,1,1,"0,9230769231"
5a29c6aa5b73222015f6f231,13,16,2,0,13,12,12,12,1,"0,9230769231","0,9230769231","0,9230769231"
5a29c7295b73222015f6f63c,13,16,3,0,13,13,13,12,1,1,1,"0,9230769231"
5a29c4ed5b73222015f6e622,13,17,2,0,13,13,13,13,1,1,1,1
5a29cbfc5b73222015f7191a,13,17,2,0,13,13,13,13,1,1,1,1
5a29cbfc5b73222015f71919,13,18,2,0,13,13,13,13,1,1,1,1
5a29df3d5b73222015f779af,13,18,4,0,13,13,12,12,1,1,"0,9230769231","0,9230769231"
5a2a8b715b73222015f865e5,12,1,5,0,12,8,8,6,1,"0,6666666667","0,6666666667","0,5"
5a312c2c5b7322713613d426,12,1,5,0,12,7,7,7,1,"0,5833333333","0,5833333333","0,5833333333"
5a29d2895b73222015f74b91,12,2,3,0,12,11,11,11,1,"0,9166666667","0,9166666667","0,9166666667"
5a29d30d5b73222015f74df3,12,2,3,0,12,10,9,9,1,"0,8333333333","0,75","0,75"
5a2a5a115b73222015f8436c,12,4,5,0,11,6,6,6,"0,9166666667","0,5","0,5","0,5"
5a29d4335b73222015f756c3,12,5,3,0,12,11,11,11,1,"0,9166666667","0,9166666667","0,9166666667"
5a2abc3a5b73222015f8ef07,12,5,5,0,12,11,11,11,1,"0,9166666667","0,9166666667","0,9166666667"
5a29d37a5b73222015f750f5,12,6,3,0,12,11,11,11,1,"0,9166666667","0,9166666667","0,9166666667"
5a29d4335b73222015f756c1,12,6,3,0,12,11,11,11,1,"0,9166666667","0,9166666667","0,9166666667"
5a29d5205b73222015f75b9d,12,6,3,0,12,12,12,12,1,1,1,1
5a29e2875b73222015f785b0,12,6,3,0,12,11,11,10,1,"0,9166666667","0,9166666667","0,8333333333"
5a2abe7a5b73222015f8fd90,12,6,4,0,12,12,12,12,1,1,1,1
5a29cf1a5b73222015f72f47,12,7,2,0,12,11,10,10,1,"0,9166666667","0,8333333333","0,8333333333"
5a29d2345b73222015f74a18,12,7,3,0,12,11,11,11,1,"0,9166666667","0,9166666667","0,9166666667"
5a29d4475b73222015f75730,12,7,3,0,12,12,12,12,1,1,1,1
5a29d4475b73222015f75732,12,7,3,0,12,12,12,12,1,1,1,1
5a29e2d65b73222015f786a5,12,7,3,0,12,11,11,11,1,"0,9166666667","0,9166666667","0,9166666667"
5a2ab3055b73222015f8ab57,12,7,4,0,11,11,10,10,"0,9166666667","0,9166666667","0,8333333333","0,8333333333"
5a312b8d5b7322713613d1d3,12,7,3,0,12,12,12,12,1,1,1,1
5a29d2a45b73222015f74bf3,12,8,3,0,12,11,11,11,1,"0,9166666667","0,9166666667","0,9166666667"
5a29d4b45b73222015f759ad,12,8,3,0,12,11,11,11,1,"0,9166666667","0,9166666667","0,9166666667"
5a29d4bd5b73222015f759da,12,8,3,0,12,11,11,11,1,"0,9166666667","0,9166666667","0,9166666667"
5a2a22615b73222015f7f716,12,8,4,0,12,11,11,11,1,"0,9166666667","0,9166666667","0,9166666667"
5a2aab655b73222015f87fbb,12,8,3,0,12,12,11,10,1,1,"0,9166666667","0,8333333333"
5a2ab1ef5b73222015f8a32b,12,8,4,0,12,11,10,10,1,"0,9166666667","0,8333333333","0,8333333333"
5a2ab36b5b73222015f8af18,12,8,3,0,12,11,10,10,1,"0,9166666667","0,8333333333","0,8333333333"
5a2abc725b73222015f8f193,12,8,8,0,12,11,11,11,1,"0,9166666667","0,9166666667","0,9166666667"
5a2abe605b73222015f8fce1,12,8,4,0,12,11,11,11,1,"0,9166666667","0,9166666667","0,9166666667"
5a2abe805b73222015f8fdc6,12,8,3,0,12,12,12,12,1,1,1,1
5a29ccbd5b73222015f71d90,12,9,2,0,12,12,12,12,1,1,1,1
5a29cede5b73222015f72d10,12,9,2,0,12,12,12,12,1,1,1,1
5a29d05e5b73222015f73890,12,9,2,0,12,12,12,12,1,1,1,1
5a29d1865b73222015f743e3,12,9,2,0,12,11,11,11,1,"0,9166666667","0,9166666667","0,9166666667"
5a29d1a25b73222015f744c1,12,9,2,0,12,12,12,11,1,1,1,"0,9166666667"
5a29d2895b73222015f74b95,12,9,3,0,12,10,10,10,1,"0,8333333333","0,8333333333","0,8333333333"
5a29df665b73222015f77b46,12,9,3,0,12,12,12,12,1,1,1,1
5a2a47435b73222015f82d4d,12,9,3,0,12,12,11,10,1,1,"0,9166666667","0,8333333333"
5a2a50d05b73222015f83936,12,9,2,0,12,10,10,10,1,"0,8333333333","0,8333333333","0,8333333333"
5a2aabf75b73222015f882c6,12,9,4,0,12,10,10,10,1,"0,8333333333","0,8333333333","0,8333333333"
5a2ab3045b73222015f8ab47,12,9,5,0,12,12,12,12,1,1,1,1
5a2ab3e25b73222015f8b2da,12,9,2,0,12,12,12,12,1,1,1,1
5a2ab4a25b73222015f8b7da,12,9,7,0,12,11,11,11,1,"0,9166666667","0,9166666667","0,9166666667"
5a2abb2b5b73222015f8e67c,12,9,3,0,12,12,12,12,1,1,1,1
5a2abb9d5b73222015f8e93f,12,9,3,0,12,11,11,11,1,"0,9166666667","0,9166666667","0,9166666667"
5a2abe635b73222015f8fd0c,12,9,3,0,12,12,12,12,1,1,1,1
5a29cc175b73222015f719cb,12,10,2,0,12,12,12,10,1,1,1,"0,8333333333"
5a29cc655b73222015f71b2b,12,10,2,0,12,12,12,10,1,1,1,"0,8333333333"
5a29d02b5b73222015f7371d,12,10,2,0,12,12,12,12,1,1,1,1
5a29d1c15b73222015f745dd,12,10,2,0,12,11,11,11,1,"0,9166666667","0,9166666667","0,9166666667"
5a29e0a55b73222015f77fd9,12,10,3,0,12,12,12,11,1,1,1,"0,9166666667"
5a29ec2e5b73222015f7a1dc,12,10,3,0,12,10,10,10,1,"0,8333333333","0,8333333333","0,8333333333"
5a2a46205b73222015f82bb6,12,10,3,0,12,12,12,12,1,1,1,1
5a2a684d5b73222015f84eb4,12,10,5,1,11,9,9,9,"0,9166666667","0,75","0,75","0,75"
5a2a6d925b73222015f851a7,12,10,5,0,12,12,12,12,1,1,1,1
5a2aad9f5b73222015f887ad,12,10,5,0,12,12,12,12,1,1,1,1
5a2ab3ea5b73222015f8b31f,12,10,5,0,12,12,12,12,1,1,1,1
5a2ab4895b73222015f8b6ac,12,10,2,0,12,12,12,12,1,1,1,1
5a2ab9905b73222015f8d4c1,12,10,2,0,12,11,10,10,1,"0,9166666667","0,8333333333","0,8333333333"
5a2abc825b73222015f8f343,12,10,5,0,12,11,11,11,1,"0,9166666667","0,9166666667","0,9166666667"
5a2abe645b73222015f8fd17,12,10,3,0,12,12,12,12,1,1,1,1
5a2abe685b73222015f8fd27,12,10,4,0,12,12,12,12,1,1,1,1
5a2abe715b73222015f8fd4a,12,10,4,0,12,12,12,12,1,1,1,1
5a2abe7a5b73222015f8fd9a,12,10,5,0,12,10,9,9,1,"0,8333333333","0,75","0,75"
5a2abe9f5b73222015f8febf,12,10,4,0,12,11,11,11,1,"0,9166666667","0,9166666667","0,9166666667"
5a29c7665b73222015f6f7a4,12,11,2,0,12,11,11,11,1,"0,9166666667","0,9166666667","0,9166666667"
5a29d2fb5b73222015f74d8d,12,11,3,0,12,11,11,11,1,"0,9166666667","0,9166666667","0,9166666667"
5a29d3985b73222015f75256,12,11,3,0,12,10,9,9,1,"0,8333333333","0,75","0,75"
5a2a6d925b73222015f851ab,12,11,5,0,12,12,12,12,1,1,1,1
5a2a6d925b73222015f851ac,12,11,5,0,12,12,12,12,1,1,1,1
5a2a75015b73222015f857a2,12,11,5,1,11,10,10,10,"0,9166666667","0,8333333333","0,8333333333","0,8333333333"
5a2aa5a35b73222015f87619,12,11,2,0,12,12,12,12,1,1,1,1
5a2aae425b73222015f88b4f,12,11,3,0,12,12,12,12,1,1,1,1
5a2abb2b5b73222015f8e67e,12,11,3,0,12,11,11,11,1,"0,9166666667","0,9166666667","0,9166666667"
5a2abd095b73222015f8f597,12,11,4,0,12,12,11,11,1,1,"0,9166666667","0,9166666667"
5a2abe195b73222015f8fac8,12,11,4,0,12,12,11,11,1,1,"0,9166666667","0,9166666667"
5a312b8a5b7322713613d196,12,11,2,0,12,12,12,12,1,1,1,1
5a29c71b5b73222015f6f5f5,12,12,2,0,12,11,11,11,1,"0,9166666667","0,9166666667","0,9166666667"
5a29c76f5b73222015f6f7ca,12,12,2,0,12,11,11,11,1,"0,9166666667","0,9166666667","0,9166666667"
5a29c8665b73222015f6fcfc,12,12,2,0,12,11,11,11,1,"0,9166666667","0,9166666667","0,9166666667"
5a29cc9f5b73222015f71cc4,12,12,2,0,12,10,10,10,1,"0,8333333333","0,8333333333","0,8333333333"
5a29d2ed5b73222015f74d1e,12,12,3,0,12,11,11,10,1,"0,9166666667","0,9166666667","0,8333333333"
5a29d43e5b73222015f756fe,12,12,3,0,12,11,11,11,1,"0,9166666667","0,9166666667","0,9166666667"
5a29d4dc5b73222015f75a92,12,12,3,0,12,11,11,11,1,"0,9166666667","0,9166666667","0,9166666667"
5a29d4ee5b73222015f75ae5,12,12,3,0,12,11,11,11,1,"0,9166666667","0,9166666667","0,9166666667"
5a29d5f15b73222015f75ea0,12,12,3,0,12,11,11,11,1,"0,9166666667","0,9166666667","0,9166666667"
5a2a03185b73222015f7ccc1,12,12,4,0,12,11,10,9,1,"0,9166666667","0,8333333333","0,75"
5a2a55835b73222015f83e48,12,12,4,0,12,11,10,10,1,"0,9166666667","0,8333333333","0,8333333333"
5a2aab4d5b73222015f87ea9,12,12,3,0,12,11,11,11,1,"0,9166666667","0,9166666667","0,9166666667"
5a2ab29f5b73222015f8a87a,12,12,3,0,12,12,12,12,1,1,1,1
5a29ccd05b73222015f71e06,12,13,2,0,12,11,11,11,1,"0,9166666667","0,9166666667","0,9166666667"
5a29d2895b73222015f74b90,12,13,3,0,12,11,11,10,1,"0,9166666667","0,9166666667","0,8333333333"
5a29d6245b73222015f75f1b,12,13,3,0,12,12,12,12,1,1,1,1
5a29d6d15b73222015f7608c,12,13,3,0,12,11,10,10,1,"0,9166666667","0,8333333333","0,8333333333"
5a2a379d5b73222015f81614,12,13,3,0,12,12,12,12,1,1,1,1
5a2ab1ac5b73222015f8a073,12,13,4,0,12,11,9,9,1,"0,9166666667","0,75","0,75"
5a29cbdb5b73222015f7181a,12,14,2,0,12,12,12,11,1,1,1,"0,9166666667"
5a29d3175b73222015f74e40,12,14,3,0,12,12,12,12,1,1,1,1
5a29d78e5b73222015f76267,12,14,3,0,12,12,12,12,1,1,1,1
5a29e1d95b73222015f78357,12,14,3,0,12,11,10,10,1,"0,9166666667","0,8333333333","0,8333333333"
5a2a09db5b73222015f7d5d7,12,14,4,1,11,11,11,10,"0,9166666667","0,9166666667","0,9166666667","0,8333333333"
5a2a59225b73222015f842a6,12,14,5,0,12,12,12,12,1,1,1,1
5a2aab545b73222015f87eee,12,14,5,0,12,12,11,11,1,1,"0,9166666667","0,9166666667"
5a2aabc55b73222015f881ef,12,14,3,0,12,12,11,11,1,1,"0,9166666667","0,9166666667"
5a2abb2b5b73222015f8e67b,12,14,3,0,12,12,12,12,1,1,1,1
5a2abd745b73222015f8f8db,12,14,4,0,12,11,11,11,1,"0,9166666667","0,9166666667","0,9166666667"
5a29d2a45b73222015f74bed,12,15,3,0,12,11,10,10,1,"0,9166666667","0,8333333333","0,8333333333"
5a29d2b85b73222015f74c45,12,15,3,0,12,11,11,11,1,"0,9166666667","0,9166666667","0,9166666667"
5a29e88d5b73222015f798a9,12,15,2,0,12,11,11,11,1,"0,9166666667","0,9166666667","0,9166666667"
5a2a59225b73222015f842a4,12,15,5,0,12,12,12,12,1,1,1,1
5a2aab955b73222015f880f4,12,15,3,0,12,12,11,11,1,1,"0,9166666667","0,9166666667"
5a2abb2b5b73222015f8e67d,12,15,3,1,11,11,11,10,"0,9166666667","0,9166666667","0,9166666667","0,8333333333"
5a29cc055b73222015f7193f,12,16,2,0,12,12,12,12,1,1,1,1
5a29f3505b73222015f7b2fb,12,16,2,0,12,12,12,12,1,1,1,1
5a2abc655b73222015f8f0fd,12,16,7,0,12,12,12,12,1,1,1,1
5a29c74f5b73222015f6f72e,12,18,2,0,12,11,11,11,1,"0,9166666667","0,9166666667","0,9166666667"
5a2ab1365b73222015f89d02,12,18,5,0,12,12,11,11,1,1,"0,9166666667","0,9166666667"
5a29ccbd5b73222015f71d91,12,20,2,0,12,12,12,12,1,1,1,1
5a2a85775b73222015f86243,11,1,4,0,11,8,7,6,1,"0,7272727273","0,6363636364","0,5454545455"
5a2aabf25b73222015f882b1,11,1,4,0,11,7,5,5,1,"0,6363636364","0,4545454545","0,4545454545"
5a29d4335b73222015f756bc,11,2,2,0,11,10,10,10,1,"0,9090909091","0,9090909091","0,9090909091"
5a29f4d45b73222015f7b616,11,2,2,0,11,9,9,9,1,"0,8181818182","0,8181818182","0,8181818182"
5a2a0f265b73222015f7dc77,11,2,2,0,11,9,9,9,1,"0,8181818182","0,8181818182","0,8181818182"
5a29d43e5b73222015f756fa,11,3,2,0,11,10,10,9,1,"0,9090909091","0,9090909091","0,8181818182"
5a29d5f15b73222015f75e9e,11,3,2,0,11,10,10,9,1,"0,9090909091","0,9090909091","0,8181818182"
5a29d3475b73222015f74f28,11,5,2,0,11,10,10,10,1,"0,9090909091","0,9090909091","0,9090909091"
5a312b965b7322713613d282,11,5,4,1,9,8,7,6,"0,8181818182","0,7272727273","0,6363636364","0,5454545455"
5a29d2465b73222015f74a5b,11,6,2,0,11,9,9,9,1,"0,8181818182","0,8181818182","0,8181818182"
5a29d2fb5b73222015f74d89,11,6,2,0,11,10,10,10,1,"0,9090909091","0,9090909091","0,9090909091"
5a29d3115b73222015f74e1f,11,6,2,0,11,11,11,11,1,1,1,1
5a29d3565b73222015f74f87,11,6,2,0,11,10,10,10,1,"0,9090909091","0,9090909091","0,9090909091"
5a29d4b45b73222015f759b0,11,6,2,0,11,10,10,9,1,"0,9090909091","0,9090909091","0,8181818182"
5a29e2875b73222015f785b6,11,6,2,0,11,8,8,7,1,"0,7272727273","0,7272727273","0,6363636364"
5a2a05965b73222015f7cffe,11,6,3,0,11,10,10,10,1,"0,9090909091","0,9090909091","0,9090909091"
5a2a28195b73222015f80008,11,6,3,0,11,9,9,9,1,"0,8181818182","0,8181818182","0,8181818182"
5a29d36f5b73222015f750a6,11,7,2,0,11,10,10,10,1,"0,9090909091","0,9090909091","0,9090909091"
5a29d6a85b73222015f76047,11,7,2,0,11,11,11,11,1,1,1,1
5a29e2875b73222015f785af,11,7,2,0,11,10,9,8,1,"0,9090909091","0,8181818182","0,7272727273"
5a29eb3b5b73222015f79f94,11,7,2,0,11,10,10,10,1,"0,9090909091","0,9090909091","0,9090909091"
5a29f35e5b73222015f7b30f,11,7,2,0,11,10,10,10,1,"0,9090909091","0,9090909091","0,9090909091"
5a2a0a285b73222015f7d626,11,7,3,0,11,11,11,11,1,1,1,1
5a2aac5c5b73222015f883ab,11,7,5,1,10,10,10,10,"0,9090909091","0,9090909091","0,9090909091","0,9090909091"
5a2ab2345b73222015f8a4c7,11,7,4,0,11,10,10,10,1,"0,9090909091","0,9090909091","0,9090909091"
5a312b965b7322713613d271,11,7,3,1,10,10,10,10,"0,9090909091","0,9090909091","0,9090909091","0,9090909091"
5a29d4675b73222015f75802,11,8,2,0,11,10,10,10,1,"0,9090909091","0,9090909091","0,9090909091"
5a29d4f75b73222015f75b05,11,8,2,0,11,11,11,11,1,1,1,1
5a29e2875b73222015f785b2,11,8,2,0,11,10,10,9,1,"0,9090909091","0,9090909091","0,8181818182"
5a29e2875b73222015f785b3,11,8,2,0,11,9,9,9,1,"0,8181818182","0,8181818182","0,8181818182"
5a29e2875b73222015f785b4,11,8,2,0,11,10,10,9,1,"0,9090909091","0,9090909091","0,8181818182"
5a29e2875b73222015f785b5,11,8,2,0,11,10,10,9,1,"0,9090909091","0,9090909091","0,8181818182"
5a29fa005b73222015f7bec8,11,8,3,0,11,10,10,10,1,"0,9090909091","0,9090909091","0,9090909091"
5a2a2d255b73222015f806fb,11,8,3,0,11,10,10,10,1,"0,9090909091","0,9090909091","0,9090909091"
5a2abe385b73222015f8fb71,11,8,4,0,11,11,11,11,1,1,1,1
5a29d6245b73222015f75f1c,11,9,2,0,11,11,11,10,1,1,1,"0,9090909091"
5a29e0645b73222015f77efd,11,9,2,0,11,11,11,10,1,1,1,"0,9090909091"
5a29e0645b73222015f77eff,11,9,2,0,11,11,11,11,1,1,1,1
5a29f5e85b73222015f7b8da,11,9,2,0,11,11,11,11,1,1,1,1
5a2a451a5b73222015f829b9,11,9,3,0,11,11,11,11,1,1,1,1
5a2a49235b73222015f82fda,11,9,3,0,11,11,11,11,1,1,1,1
5a2ab4365b73222015f8b4a1,11,9,3,0,11,10,10,10,1,"0,9090909091","0,9090909091","0,9090909091"
5a2ab4c85b73222015f8b902,11,9,4,0,11,10,10,10,1,"0,9090909091","0,9090909091","0,9090909091"
5a2abb785b73222015f8e812,11,9,2,0,11,10,10,10,1,"0,9090909091","0,9090909091","0,9090909091"
5a2abb805b73222015f8e838,11,9,2,0,11,10,10,10,1,"0,9090909091","0,9090909091","0,9090909091"
5a2abc135b73222015f8ed92,11,9,5,0,11,11,11,11,1,1,1,1
5a29d2e45b73222015f74cc3,11,10,2,0,11,10,10,10,1,"0,9090909091","0,9090909091","0,9090909091"
5a29dfb55b73222015f77c6b,11,10,2,0,11,11,11,11,1,1,1,1
5a29dfea5b73222015f77d15,11,10,2,0,11,11,11,11,1,1,1,1
5a29e0355b73222015f77e32,11,10,2,0,11,11,11,11,1,1,1,1
5a29e05e5b73222015f77ef0,11,10,2,0,11,11,11,11,1,1,1,1
5a2a4ec85b73222015f83710,11,10,3,0,11,11,11,11,1,1,1,1
5a2ab1615b73222015f89df7,11,10,5,0,11,10,10,10,1,"0,9090909091","0,9090909091","0,9090909091"
5a2ab43d5b73222015f8b4f7,11,10,4,0,11,10,10,10,1,"0,9090909091","0,9090909091","0,9090909091"
5a2abb785b73222015f8e813,11,10,2,0,11,11,11,10,1,1,1,"0,9090909091"
5a312ba15b7322713613d2d2,11,10,3,0,11,11,11,11,1,1,1,1
5a29d3475b73222015f74f26,11,11,2,0,11,10,9,9,1,"0,9090909091","0,8181818182","0,8181818182"
5a29d3565b73222015f74f89,11,11,2,0,11,10,10,10,1,"0,9090909091","0,9090909091","0,9090909091"
5a29d4215b73222015f7567a,11,11,2,0,11,11,11,11,1,1,1,1
5a29d6825b73222015f75fef,11,11,2,0,11,10,10,10,1,"0,9090909091","0,9090909091","0,9090909091"
5a29d6a85b73222015f76046,11,11,2,0,11,11,11,11,1,1,1,1
5a29e0355b73222015f77e33,11,11,2,0,11,11,11,11,1,1,1,1
5a29e27a5b73222015f78555,11,11,2,0,11,10,10,10,1,"0,9090909091","0,9090909091","0,9090909091"
5a29f99d5b73222015f7be5f,11,11,3,0,11,11,11,11,1,1,1,1
5a2a08615b73222015f7d483,11,11,3,0,11,10,10,10,1,"0,9090909091","0,9090909091","0,9090909091"
5a2a2ec95b73222015f80915,11,11,3,0,11,10,10,10,1,"0,9090909091","0,9090909091","0,9090909091"
5a2a3eea5b73222015f82105,11,11,3,0,11,9,7,7,1,"0,8181818182","0,6363636364","0,6363636364"
5a2a4ef15b73222015f83728,11,11,3,0,11,11,11,11,1,1,1,1
5a2a518b5b73222015f83a5b,11,11,3,0,11,11,11,11,1,1,1,1
5a2ab0815b73222015f897ef,11,11,5,0,11,10,9,9,1,"0,9090909091","0,8181818182","0,8181818182"
5a2ab2ef5b73222015f8aa6f,11,11,4,0,11,11,10,10,1,1,"0,9090909091","0,9090909091"
5a2abd525b73222015f8f7d2,11,11,3,1,10,10,10,10,"0,9090909091","0,9090909091","0,9090909091","0,9090909091"
5a29d2a45b73222015f74bf6,11,12,2,0,11,10,9,9,1,"0,9090909091","0,8181818182","0,8181818182"
5a29d4915b73222015f758d8,11,12,2,0,11,10,10,10,1,"0,9090909091","0,9090909091","0,9090909091"
5a29d5f15b73222015f75ea4,11,12,2,0,11,10,10,10,1,"0,9090909091","0,9090909091","0,9090909091"
5a29dfb55b73222015f77c6c,11,12,2,0,11,10,10,10,1,"0,9090909091","0,9090909091","0,9090909091"
5a29e04d5b73222015f77eaf,11,12,2,0,11,11,11,11,1,1,1,1
5a29eb3b5b73222015f79f95,11,12,2,0,11,8,8,8,1,"0,7272727273","0,7272727273","0,7272727273"
5a2a107a5b73222015f7ddb9,11,12,3,1,10,10,10,10,"0,9090909091","0,9090909091","0,9090909091","0,9090909091"
5a2a13675b73222015f7e37e,11,12,3,0,11,10,10,10,1,"0,9090909091","0,9090909091","0,9090909091"
5a2a232f5b73222015f7f800,11,12,3,0,11,9,7,7,1,"0,8181818182","0,6363636364","0,6363636364"
5a2a44635b73222015f8287b,11,12,3,0,11,10,10,10,1,"0,9090909091","0,9090909091","0,9090909091"
5a2aab805b73222015f88066,11,12,4,0,11,10,9,9,1,"0,9090909091","0,8181818182","0,8181818182"
5a2ab2dd5b73222015f8aa03,11,12,5,0,11,9,9,9,1,"0,8181818182","0,8181818182","0,8181818182"
5a2ab4255b73222015f8b454,11,12,4,0,11,11,11,11,1,1,1,1
5a2abdae5b73222015f8f952,11,12,4,0,11,10,10,10,1,"0,9090909091","0,9090909091","0,9090909091"
5a29d4215b73222015f75672,11,13,2,0,11,11,11,10,1,1,1,"0,9090909091"
5a29d4215b73222015f75674,11,13,2,0,11,11,11,11,1,1,1,1
5a29d4935b73222015f758f0,11,13,2,0,11,10,10,10,1,"0,9090909091","0,9090909091","0,9090909091"
5a29d4ee5b73222015f75ae0,11,13,2,0,11,10,10,10,1,"0,9090909091","0,9090909091","0,9090909091"
5a29e0a85b73222015f77feb,11,13,2,0,11,11,11,11,1,1,1,1
5a29e0fa5b73222015f78111,11,13,2,0,11,11,11,10,1,1,1,"0,9090909091"
5a2a07fd5b73222015f7d40e,11,13,3,0,11,11,11,11,1,1,1,1
5a2a27195b73222015f7fee7,11,13,3,0,11,10,9,9,1,"0,9090909091","0,8181818182","0,8181818182"
5a2a991c5b73222015f86f43,11,13,3,0,11,10,10,10,1,"0,9090909091","0,9090909091","0,9090909091"
5a2aab595b73222015f87f22,11,13,2,0,11,11,10,10,1,1,"0,9090909091","0,9090909091"
5a2ab4fc5b73222015f8ba50,11,13,4,0,11,9,8,8,1,"0,8181818182","0,7272727273","0,7272727273"
5a29d2345b73222015f74a10,11,14,2,0,11,10,10,10,1,"0,9090909091","0,9090909091","0,9090909091"
5a29d2345b73222015f74a14,11,14,2,0,11,10,10,10,1,"0,9090909091","0,9090909091","0,9090909091"
5a29d2345b73222015f74a17,11,14,2,0,11,10,10,9,1,"0,9090909091","0,9090909091","0,8181818182"
5a29d2e45b73222015f74cd7,11,14,2,0,11,11,11,11,1,1,1,1
5a2aac055b73222015f882eb,11,14,4,0,11,11,11,11,1,1,1,1
5a2aadcf5b73222015f88872,11,14,4,0,11,11,11,11,1,1,1,1
5a2abc255b73222015f8ee4a,11,14,5,0,11,11,11,11,1,1,1,1
5a2abe965b73222015f8fe90,11,14,4,0,11,10,10,10,1,"0,9090909091","0,9090909091","0,9090909091"
5a29d2465b73222015f74a53,11,15,2,0,11,10,9,9,1,"0,9090909091","0,8181818182","0,8181818182"
5a29d2465b73222015f74a59,11,15,2,0,11,9,9,9,1,"0,8181818182","0,8181818182","0,8181818182"
5a29d2b85b73222015f74c3f,11,15,2,0,11,10,10,10,1,"0,9090909091","0,9090909091","0,9090909091"
5a29d2b85b73222015f74c44,11,15,2,0,11,10,10,10,1,"0,9090909091","0,9090909091","0,9090909091"
5a29e3515b73222015f7887b,11,15,2,0,11,11,11,11,1,1,1,1
5a29e88c5b73222015f798a2,11,15,2,0,11,10,9,9,1,"0,9090909091","0,8181818182","0,8181818182"
5a29d2465b73222015f74a5d,11,16,2,0,11,9,9,9,1,"0,8181818182","0,8181818182","0,8181818182"
5a29d2a45b73222015f74bee,11,16,2,0,11,10,10,10,1,"0,9090909091","0,9090909091","0,9090909091"
5a29d2e45b73222015f74ccf,11,16,2,0,11,11,11,11,1,1,1,1
5a29d2e45b73222015f74cd1,11,16,2,0,11,11,11,11,1,1,1,1
5a29d45f5b73222015f757cc,11,16,2,0,11,10,10,10,1,"0,9090909091","0,9090909091","0,9090909091"
5a2aac055b73222015f882ec,11,16,4,0,11,11,11,11,1,1,1,1
5a2ab48a5b73222015f8b6c6,11,16,4,0,11,11,10,10,1,1,"0,9090909091","0,9090909091"
5a2ab4a65b73222015f8b803,11,16,4,0,11,11,11,11,1,1,1,1
5a29d2a45b73222015f74beb,11,17,2,0,11,10,10,10,1,"0,9090909091","0,9090909091","0,9090909091"
5a29d2e45b73222015f74cc4,11,17,2,0,11,11,11,11,1,1,1,1
5a29d6d15b73222015f76089,11,17,2,0,11,10,10,10,1,"0,9090909091","0,9090909091","0,9090909091"
5a29ecad5b73222015f7a376,11,17,2,0,11,11,11,11,1,1,1,1
5a2a22405b73222015f7f6ed,11,17,3,0,11,11,11,11,1,1,1,1
5a2aaddd5b73222015f888a4,11,17,4,0,11,11,11,11,1,1,1,1
5a2ab0415b73222015f89689,11,17,5,0,11,11,11,11,1,1,1,1
5a29d2e45b73222015f74cd3,11,18,2,0,11,11,11,11,1,1,1,1
5a29d3265b73222015f74e65,11,18,2,0,11,10,10,10,1,"0,9090909091","0,9090909091","0,9090909091"
5a29fa005b73222015f7bed0,11,18,3,0,11,10,9,9,1,"0,9090909091","0,8181818182","0,8181818182"
5a2a0bba5b73222015f7d7c4,11,18,3,0,11,11,11,11,1,1,1,1
5a2aaba25b73222015f8816e,11,18,3,0,11,11,11,11,1,1,1,1
5a29dfad5b73222015f77c5d,11,19,2,0,11,11,11,11,1,1,1,1
5a29df3d5b73222015f77999,11,20,2,0,11,11,11,11,1,1,1,1
5a2ab08d5b73222015f89838,11,20,3,0,11,11,11,11,1,1,1,1
5a2aab4b5b73222015f87e8d,11,21,5,0,11,11,10,10,1,1,"0,9090909091","0,9090909091"
5a2a2b825b73222015f80450,11,22,3,0,11,11,11,11,1,1,1,1
5a2a72cd5b73222015f85631,10,1,3,0,10,6,5,5,1,"0,6","0,5","0,5"
5a2a77d95b73222015f85a9d,10,1,3,0,10,7,5,5,1,"0,7","0,5","0,5"
5a2a82385b73222015f86002,10,1,3,0,10,7,6,5,1,"0,7","0,6","0,5"
5a2a82535b73222015f86059,10,1,3,0,10,7,7,6,1,"0,7","0,7","0,6"
5a2a85775b73222015f86244,10,1,3,0,10,8,8,7,1,"0,8","0,8","0,7"
5a2a85845b73222015f86270,10,1,3,0,10,8,6,6,1,"0,8","0,6","0,6"
5a2a109d5b73222015f7dddf,10,2,2,0,10,10,10,10,1,1,1,1
5a2a10bc5b73222015f7ddf2,10,2,2,0,10,9,9,9,1,"0,9","0,9","0,9"
5a2a1d5f5b73222015f7f0ae,10,2,2,0,10,9,9,9,1,"0,9","0,9","0,9"
5a2a36555b73222015f8146c,10,2,2,0,10,9,9,9,1,"0,9","0,9","0,9"
5a2a8c565b73222015f866b6,10,2,2,0,10,9,9,9,1,"0,9","0,9","0,9"
5a2a14d85b73222015f7e50c,10,3,2,0,10,9,9,9,1,"0,9","0,9","0,9"
5a2a56be5b73222015f83ff6,10,3,2,0,10,9,9,8,1,"0,9","0,9","0,8"
5a2a902f5b73222015f86869,10,3,3,0,10,9,9,9,1,"0,9","0,9","0,9"
5a2aacc95b73222015f8853f,10,3,4,0,10,7,7,7,1,"0,7","0,7","0,7"
5a2abe815b73222015f8fdde,10,4,3,0,10,10,10,10,1,1,1,1
5a2a15cb5b73222015f7e63c,10,5,2,0,10,9,9,9,1,"0,9","0,9","0,9"
5a2aa1ec5b73222015f873bf,10,5,4,0,10,8,8,8,1,"0,8","0,8","0,8"
5a2ab1ef5b73222015f8a31a,10,5,3,0,10,8,8,8,1,"0,8","0,8","0,8"
5a2a05965b73222015f7d003,10,6,2,0,10,9,9,9,1,"0,9","0,9","0,9"
5a2a0a285b73222015f7d624,10,6,2,0,10,10,10,10,1,1,1,1
5a2a15cb5b73222015f7e63d,10,6,2,0,10,9,9,9,1,"0,9","0,9","0,9"
5a2a409f5b73222015f8237c,10,6,2,0,10,10,10,10,1,1,1,1
5a2abcd55b73222015f8f4a6,10,6,2,0,10,10,10,10,1,1,1,1
5a29fb5f5b73222015f7c094,10,7,2,0,10,10,10,10,1,1,1,1
5a2a07d95b73222015f7d3bf,10,7,2,0,10,9,9,8,1,"0,9","0,9","0,8"
5a2a177d5b73222015f7e921,10,7,2,0,10,10,10,10,1,1,1,1
5a2a25a35b73222015f7fcdd,10,7,2,0,10,9,9,9,1,"0,9","0,9","0,9"
5a2a5a0e5b73222015f8434b,10,7,2,1,9,9,7,7,"0,9","0,9","0,7","0,7"
5a2a75965b73222015f857e3,10,7,3,0,10,10,10,10,1,1,1,1
5a2abce45b73222015f8f4d2,10,7,2,0,10,9,9,8,1,"0,9","0,9","0,8"
5a2a05005b73222015f7cf7a,10,8,2,0,10,9,9,9,1,"0,9","0,9","0,9"
5a2a11b15b73222015f7def4,10,8,2,0,10,10,10,10,1,1,1,1
5a2a11b15b73222015f7defc,10,8,2,0,10,10,10,10,1,1,1,1
5a2a278b5b73222015f7ff76,10,8,2,0,10,10,10,9,1,1,1,"0,9"
5a2a2b135b73222015f803d2,10,8,2,0,10,9,9,9,1,"0,9","0,9","0,9"
5a2a333a5b73222015f8101f,10,8,2,0,10,9,9,9,1,"0,9","0,9","0,9"
5a2a70905b73222015f854ea,10,8,3,0,10,9,9,8,1,"0,9","0,9","0,8"
5a2a083a5b73222015f7d459,10,9,2,0,10,10,10,9,1,1,1,"0,9"
5a2a0af25b73222015f7d6f5,10,9,2,0,10,10,10,9,1,1,1,"0,9"
5a2a122b5b73222015f7e0d8,10,9,2,0,10,10,10,10,1,1,1,1
5a2a8d3c5b73222015f8671c,10,9,3,0,10,10,10,10,1,1,1,1
5a2aab815b73222015f88071,10,9,3,0,10,9,9,9,1,"0,9","0,9","0,9"
5a2ab2975b73222015f8a859,10,9,3,0,10,7,6,6,1,"0,7","0,6","0,6"
5a2ab36a5b73222015f8af08,10,9,2,0,10,10,9,9,1,1,"0,9","0,9"
5a2a04965b73222015f7cf2b,10,10,2,0,10,10,10,10,1,1,1,1
5a2a04b55b73222015f7cf44,10,10,2,0,10,9,9,9,1,"0,9","0,9","0,9"
5a2a055d5b73222015f7cfc5,10,10,2,0,10,10,10,9,1,1,1,"0,9"
5a2a0a5f5b73222015f7d651,10,10,2,0,10,10,10,9,1,1,1,"0,9"
5a2a11085b73222015f7de71,10,10,2,0,10,10,10,10,1,1,1,1
5a2a12165b73222015f7e09e,10,10,2,0,10,10,10,10,1,1,1,1
5a2a12495b73222015f7e119,10,10,2,0,10,10,10,10,1,1,1,1
5a2a18115b73222015f7e9a2,10,10,2,0,10,10,10,10,1,1,1,1
5a2a29ab5b73222015f80178,10,10,2,0,10,10,10,10,1,1,1,1
5a2a2af15b73222015f8039d,10,10,2,0,10,9,9,9,1,"0,9","0,9","0,9"
5a2a2cb85b73222015f8060f,10,10,2,0,10,10,10,10,1,1,1,1
5a2a38b25b73222015f8178c,10,10,2,0,10,10,10,10,1,1,1,1
5a2a46ec5b73222015f82cb4,10,10,2,0,10,10,10,10,1,1,1,1
5a2a77455b73222015f85a18,10,10,3,0,10,10,9,9,1,1,"0,9","0,9"
5a2a98f85b73222015f86f29,10,10,3,0,10,10,10,10,1,1,1,1
5a2aae0f5b73222015f889bf,10,10,3,0,10,9,9,9,1,"0,9","0,9","0,9"
5a2ab2f45b73222015f8aa82,10,10,3,0,10,10,10,10,1,1,1,1
5a2ab36c5b73222015f8af23,10,10,3,0,10,10,10,10,1,1,1,1
5a2ab4345b73222015f8b487,10,10,3,0,10,9,9,9,1,"0,9","0,9","0,9"
5a2ab4745b73222015f8b650,10,10,3,0,10,9,9,9,1,"0,9","0,9","0,9"
5a29fdaf5b73222015f7c3cb,10,11,2,0,10,9,8,8,1,"0,9","0,8","0,8"
5a29fdd75b73222015f7c407,10,11,2,0,10,10,10,10,1,1,1,1
5a2a05965b73222015f7d001,10,11,2,0,10,9,9,9,1,"0,9","0,9","0,9"
5a2a07515b73222015f7d307,10,11,2,0,10,10,9,9,1,1,"0,9","0,9"
5a2a11b15b73222015f7deff,10,11,2,0,10,10,10,10,1,1,1,1
5a2a41625b73222015f824a8,10,11,2,0,10,9,9,9,1,"0,9","0,9","0,9"
5a2a9b5d5b73222015f870ab,10,11,3,0,10,10,9,9,1,1,"0,9","0,9"
5a2aab675b73222015f87fc5,10,11,3,0,10,10,9,9,1,1,"0,9","0,9"
5a2aabb85b73222015f881bc,10,11,3,0,10,10,10,10,1,1,1,1
5a2aacaa5b73222015f884c2,10,11,3,0,10,9,9,9,1,"0,9","0,9","0,9"
5a2abe965b73222015f8fe85,10,11,3,1,9,9,9,9,"0,9","0,9","0,9","0,9"
5a29f9335b73222015f7bdae,10,12,2,0,10,9,9,9,1,"0,9","0,9","0,9"
5a29fa005b73222015f7bec7,10,12,2,0,10,9,9,9,1,"0,9","0,9","0,9"
5a2a00935b73222015f7c90a,10,12,2,0,10,9,8,8,1,"0,9","0,8","0,8"
5a2a07d95b73222015f7d3bb,10,12,2,0,10,9,9,9,1,"0,9","0,9","0,9"
5a2a26e75b73222015f7fea0,10,12,2,0,10,10,10,10,1,1,1,1
5a2a29ab5b73222015f80177,10,12,2,0,10,10,10,9,1,1,1,"0,9"
5a2a29ab5b73222015f8017a,10,12,2,0,10,10,10,10,1,1,1,1
5a2a29d35b73222015f801a9,10,12,2,0,10,9,9,9,1,"0,9","0,9","0,9"
5a2a2c5d5b73222015f80590,10,12,2,0,10,10,10,10,1,1,1,1
5a2a4b6c5b73222015f832bd,10,12,2,0,10,9,9,9,1,"0,9","0,9","0,9"
5a2a50535b73222015f83895,10,12,2,0,10,10,10,10,1,1,1,1
5a2a71d55b73222015f8559e,10,12,3,1,9,9,9,9,"0,9","0,9","0,9","0,9"
5a2aab925b73222015f880d1,10,12,3,0,10,10,10,10,1,1,1,1
5a2ab1fa5b73222015f8a37c,10,12,3,0,10,10,10,10,1,1,1,1
5a2abc955b73222015f8f3e7,10,12,2,0,10,9,9,9,1,"0,9","0,9","0,9"
5a2abe265b73222015f8faed,10,12,3,0,10,10,10,10,1,1,1,1
5a312ba45b7322713613d30e,10,12,3,0,10,10,10,10,1,1,1,1
5a29faf55b73222015f7c00e,10,13,2,0,10,10,10,10,1,1,1,1
5a2a078a5b73222015f7d33d,10,13,2,0,10,9,9,9,1,"0,9","0,9","0,9"
5a2a27e55b73222015f7ffd1,10,13,2,0,10,10,10,10,1,1,1,1
5a2a31055b73222015f80c1b,10,13,2,1,9,9,9,9,"0,9","0,9","0,9","0,9"
5a2a43205b73222015f826df,10,13,2,0,10,10,10,10,1,1,1,1
5a2a62145b73222015f849c2,10,13,2,0,10,9,8,8,1,"0,9","0,8","0,8"
5a2aab315b73222015f87e28,10,13,3,0,10,10,10,10,1,1,1,1
5a2ab2c85b73222015f8a97f,10,13,3,0,10,10,10,10,1,1,1,1
5a2ab3725b73222015f8af40,10,13,2,0,10,10,10,10,1,1,1,1
5a2ab4385b73222015f8b4cc,10,13,3,0,10,9,9,9,1,"0,9","0,9","0,9"
5a312bad5b7322713613d374,10,13,3,1,9,9,9,9,"0,9","0,9","0,9","0,9"
5a29fba85b73222015f7c0e4,10,14,2,0,10,9,8,8,1,"0,9","0,8","0,8"
5a2a09095b73222015f7d51a,10,14,2,0,10,10,10,10,1,1,1,1
5a2a09ee5b73222015f7d5f4,10,14,2,0,10,10,10,10,1,1,1,1
5a2a278b5b73222015f7ff74,10,14,2,0,10,10,10,10,1,1,1,1
5a2a4c8b5b73222015f8343d,10,14,2,0,10,10,10,10,1,1,1,1
5a2a62b45b73222015f84a57,10,14,3,0,10,10,10,10,1,1,1,1
5a2aab5e5b73222015f87f51,10,14,3,0,10,10,10,10,1,1,1,1
5a2aaea75b73222015f88d8b,10,14,3,0,10,10,8,8,1,1,"0,8","0,8"
5a2ab3985b73222015f8b04b,10,14,2,0,10,9,9,9,1,"0,9","0,9","0,9"
5a29fa1e5b73222015f7bee5,10,15,2,0,10,9,7,6,1,"0,9","0,7","0,6"
5a2a2b325b73222015f803ed,10,15,2,0,10,9,9,8,1,"0,9","0,9","0,8"
5a2a762e5b73222015f85888,10,15,3,1,9,9,8,8,"0,9","0,9","0,8","0,8"
5a2ab2fa5b73222015f8aaa7,10,15,2,0,10,10,10,10,1,1,1,1
5a2a2b325b73222015f803eb,10,16,2,0,10,9,9,8,1,"0,9","0,9","0,8"
5a2a30ad5b73222015f80be2,10,16,2,0,10,9,8,8,1,"0,9","0,8","0,8"
5a2aae9a5b73222015f88d19,10,16,3,0,10,9,9,9,1,"0,9","0,9","0,9"
5a29fee35b73222015f7c5d4,10,17,2,0,10,9,7,7,1,"0,9","0,7","0,7"
5a2a29ec5b73222015f801d3,10,17,2,0,10,9,9,9,1,"0,9","0,9","0,9"
5a2a984e5b73222015f86ea8,10,17,3,0,10,10,8,8,1,1,"0,8","0,8"
5a312ba65b7322713613d331,10,17,3,0,9,8,7,7,"0,9","0,8","0,7","0,7"
5a2a24ac5b73222015f7faf3,10,19,2,0,10,10,10,10,1,1,1,1
5a2a2b5d5b73222015f80425,10,19,2,0,10,10,10,10,1,1,1,1
5a2aab605b73222015f87f75,10,19,3,0,10,10,10,9,1,1,1,"0,9"
5a2ab2dc5b73222015f8a9e0,10,19,2,0,10,10,10,10,1,1,1,1
5a2a70905b73222015f854ed,10,20,3,0,10,10,10,10,1,1,1,1
5a2a034c5b73222015f7cd38,10,21,2,0,10,10,10,10,1,1,1,1
5a2a24615b73222015f7fa7e,10,21,2,0,10,10,10,10,1,1,1,1
5a2a72cd5b73222015f85636,9,1,2,0,9,5,5,5,1,"0,5555555556","0,5555555556","0,5555555556"
5a2a77d95b73222015f85a9c,9,1,2,0,9,6,5,5,1,"0,6666666667","0,5555555556","0,5555555556"
5a2a82385b73222015f86003,9,1,2,0,9,7,5,5,1,"0,7777777778","0,5555555556","0,5555555556"
5a2aacc15b73222015f8850d,9,1,2,0,9,7,6,5,1,"0,7777777778","0,6666666667","0,5555555556"
5a312bc45b7322713613d3a9,9,1,2,0,9,6,6,6,1,"0,6666666667","0,6666666667","0,6666666667"
5a2a7df75b73222015f85dc2,9,4,2,0,9,8,8,8,1,"0,8888888889","0,8888888889","0,8888888889"
5a2a8d3c5b73222015f8671e,9,4,2,0,9,8,8,8,1,"0,8888888889","0,8888888889","0,8888888889"
5a2aab8f5b73222015f880a3,9,4,2,0,9,9,9,9,1,1,1,1
5a2a5ba25b73222015f844c1,9,5,2,0,9,8,8,8,1,"0,8888888889","0,8888888889","0,8888888889"
5a2a5a9b5b73222015f843da,9,6,2,0,9,9,9,8,1,1,1,"0,8888888889"
5a2a8c155b73222015f8666d,9,7,2,0,9,9,9,9,1,1,1,1
5a2aa4f85b73222015f875b4,9,7,2,0,9,9,9,9,1,1,1,1
5a2a5f675b73222015f8479e,9,8,2,0,9,8,8,8,1,"0,8888888889","0,8888888889","0,8888888889"
5a2a6f615b73222015f8540a,9,8,2,0,9,8,8,8,1,"0,8888888889","0,8888888889","0,8888888889"
5a2a78115b73222015f85ac1,9,8,2,0,9,9,9,9,1,1,1,1
5a2a995d5b73222015f86f74,9,8,2,0,9,8,8,8,1,"0,8888888889","0,8888888889","0,8888888889"
5a2aac3d5b73222015f88355,9,8,2,0,9,8,8,8,1,"0,8888888889","0,8888888889","0,8888888889"
5a2aae655b73222015f88c01,9,8,2,0,9,9,9,9,1,1,1,1
5a2ab2775b73222015f8a681,9,8,2,0,9,9,8,8,1,1,"0,8888888889","0,8888888889"
5a312bca5b7322713613d3e1,9,8,2,0,9,9,9,9,1,1,1,1
5a2a71045b73222015f8553a,9,9,2,0,9,8,8,8,1,"0,8888888889","0,8888888889","0,8888888889"
5a2aae1d5b73222015f88a2e,9,9,2,0,9,8,8,8,1,"0,8888888889","0,8888888889","0,8888888889"
5a2a6d905b73222015f8516b,9,10,2,1,8,8,8,8,"0,8888888889","0,8888888889","0,8888888889","0,8888888889"
5a2a6d905b73222015f85170,9,10,2,1,8,8,8,7,"0,8888888889","0,8888888889","0,8888888889","0,7777777778"
5a2a6d925b73222015f851b4,9,10,2,0,9,8,8,8,1,"0,8888888889","0,8888888889","0,8888888889"
5a2a83da5b73222015f8613e,9,10,2,0,9,9,9,9,1,1,1,1
5a2a8a525b73222015f8652a,9,10,2,1,8,8,8,8,"0,8888888889","0,8888888889","0,8888888889","0,8888888889"
5a2a9f2a5b73222015f87277,9,10,2,0,9,9,9,9,1,1,1,1
5a2aabbf5b73222015f881c6,9,10,2,0,9,9,9,9,1,1,1,1
5a2ab01e5b73222015f895c4,9,10,2,0,9,9,9,9,1,1,1,1
5a2ab51c5b73222015f8bbf7,9,10,2,0,9,8,7,7,1,"0,8888888889","0,7777777778","0,7777777778"
5a2a6b645b73222015f8509d,9,11,2,1,8,8,8,8,"0,8888888889","0,8888888889","0,8888888889","0,8888888889"
5a2a7c3e5b73222015f85cee,9,11,2,0,9,9,8,8,1,1,"0,8888888889","0,8888888889"
5a2a8cdc5b73222015f866f0,9,11,2,0,9,8,8,8,1,"0,8888888889","0,8888888889","0,8888888889"
5a2a90145b73222015f86857,9,11,2,0,9,9,9,9,1,1,1,1
5a2a95005b73222015f86c97,9,11,2,0,9,9,8,8,1,1,"0,8888888889","0,8888888889"
5a2ab0185b73222015f895af,9,11,2,0,9,9,9,9,1,1,1,1
5a2ab3475b73222015f8ad77,9,11,2,0,9,9,8,8,1,1,"0,8888888889","0,8888888889"
5a2a7eb35b73222015f85e29,9,12,2,0,9,9,8,8,1,1,"0,8888888889","0,8888888889"
5a2a86345b73222015f862cc,9,12,2,1,8,8,8,8,"0,8888888889","0,8888888889","0,8888888889","0,8888888889"
5a2a8faa5b73222015f8682d,9,12,2,0,9,9,9,9,1,1,1,1
5a2aacad5b73222015f884da,9,12,2,0,9,9,9,9,1,1,1,1
5a2ab06c5b73222015f8976a,9,12,2,0,9,9,9,9,1,1,1,1
5a2ab4515b73222015f8b554,9,12,2,0,9,9,9,9,1,1,1,1
5a2abe8c5b73222015f8fe43,9,12,2,0,9,9,9,9,1,1,1,1
5a2a5ae15b73222015f84421,9,13,2,0,9,9,9,9,1,1,1,1
5a2a5ae15b73222015f84425,9,13,2,0,9,8,8,8,1,"0,8888888889","0,8888888889","0,8888888889"
5a2a75015b73222015f8579b,9,13,2,1,8,8,8,8,"0,8888888889","0,8888888889","0,8888888889","0,8888888889"
5a2a881e5b73222015f863f2,9,13,2,1,8,8,8,8,"0,8888888889","0,8888888889","0,8888888889","0,8888888889"
5a2aad0c5b73222015f88614,9,13,2,0,9,8,8,8,1,"0,8888888889","0,8888888889","0,8888888889"
5a2ab0425b73222015f896a0,9,13,2,0,9,9,9,9,1,1,1,1
5a2a5d8d5b73222015f84665,9,14,2,0,9,9,9,9,1,1,1,1
5a2a6d905b73222015f85160,9,14,2,1,8,8,8,8,"0,8888888889","0,8888888889","0,8888888889","0,8888888889"
5a2a6d905b73222015f8516e,9,14,2,1,8,8,8,8,"0,8888888889","0,8888888889","0,8888888889","0,8888888889"
5a2a89e25b73222015f864ec,9,14,2,1,8,8,8,8,"0,8888888889","0,8888888889","0,8888888889","0,8888888889"
5a2aa6eb5b73222015f877cd,9,14,2,0,9,9,9,9,1,1,1,1
5a2aaa265b73222015f87b6a,9,14,2,0,9,9,9,9,1,1,1,1
5a2ab0425b73222015f896a2,9,14,2,0,9,9,9,9,1,1,1,1
5a2ab06c5b73222015f89769,9,14,2,0,9,9,9,9,1,1,1,1
5a2aab635b73222015f87f9b,9,15,2,0,9,9,9,9,1,1,1,1
5a2aab6e5b73222015f88012,9,15,2,0,9,9,9,9,1,1,1,1
5a2aab725b73222015f88043,9,15,2,0,9,9,9,9,1,1,1,1
5a2aaee95b73222015f88f7b,9,15,2,0,9,9,9,9,1,1,1,1
5a2a7cfe5b73222015f85d3c,9,16,2,1,8,8,8,8,"0,8888888889","0,8888888889","0,8888888889","0,8888888889"
5a2a98465b73222015f86e91,9,16,2,0,9,9,9,9,1,1,1,1
5a2a97f85b73222015f86e53,9,17,2,0,9,9,9,9,1,1,1,1
5a2a88405b73222015f86405,9,18,2,1,8,8,8,8,"0,8888888889","0,8888888889","0,8888888889","0,8888888889"
5a2aafa15b73222015f89224,9,18,2,0,9,8,8,8,1,"0,8888888889","0,8888888889","0,8888888889"
5a2a7d2b5b73222015f85d56,9,19,2,0,9,9,9,9,1,1,1,1
5a2a8e685b73222015f86795,9,19,2,0,9,9,9,9,1,1,1,1
5a2aae0f5b73222015f889c1,9,19,2,0,9,8,8,8,1,"0,8888888889","0,8888888889","0,8888888889"
5a2aaf255b73222015f890be,9,20,2,0,9,9,8,7,1,1,"0,8888888889","0,7777777778"
5a2ab4fc5b73222015f8ba51,9,20,2,0,9,8,7,7,1,"0,8888888889","0,7777777778","0,7777777778"
5a2a6fa15b73222015f85433,9,21,2,0,9,9,9,9,1,1,1,1
5a2a6bdb5b73222015f850d0,9,22,2,1,8,8,8,8,"0,8888888889","0,8888888889","0,8888888889","0,8888888889"
5a2a98395b73222015f86e7b,9,22,2,0,9,9,9,9,1,1,1,1
5a2aaa1c5b73222015f87b4a,9,23,2,0,9,9,9,9,1,1,1,1
5a2ab4fc5b73222015f8ba52,9,24,2,0,9,8,7,7,1,"0,8888888889","0,7777777778","0,7777777778"
Media:,,,,,,,,,"0,9939532562","0,9277974512","0,9110131377","0,901751154"
